id,campeonatoId,rodada,partidaId,timeId,jogadorId,tempo,minuto,minutoGeral,jogador,time,horarioInt,horarioString
0,1,2,14,11,69,2,31:00,76,Brenno Oliveira Fraga Costa -,Grêmio,1351,22:31
1,1,2,14,11,70,2,14:00,59,Jhonata Robert Alves da Silva -,Grêmio,1334,22:14
2,1,2,15,8,76,2,44:00,89,Vitor Hugo Batista Araujo de Mendonça -,Internacional,1064,17:44
3,1,2,15,8,77,1,44:00,44,Pedro Henrique Alves Santana -,Internacional,1004,16:44
4,1,2,18,14,94,2,41:00,86,Paulo Autuori de Mello -,Athletico Paranaense,1196,19:56
5,1,3,25,9,131,2,27:00,72,Emaxwell Souza de Lima -,Sport,1317,21:57
6,1,3,26,8,141,2,7:00,52,Lucas Ribeiro dos Santos -,Internacional,1297,21:37
7,1,3,29,3,162,1,9:00,9,Willian Marlon Ferreira Moraes -,Atlético,1149,19:09
8,1,4,32,4,178,1,41:00,41,Rodrigo Nestor Bertalia -,São Paulo,1181,19:41
9,1,4,34,6,185,1,45:00,45,Avlamir Dirceo Stival -,Atlético Mineiro,1185,19:45
10,1,4,39,3,221,2,44:00,89,Anderson Leal Gomes -,Atlético,1244,20:44
11,1,5,41,15,235,2,47:00,92,Cauan Felipe de Almeida -,America,767,12:47
12,1,6,53,15,283,2,28:00,73,Ricardo Cesar Dantas da Silva -,America,1048,17:28
13,1,6,56,14,301,2,42:00,87,Marcio Almeida de Oliveira -,Athletico Paranaense,1392,23:12
14,1,6,56,14,302,1,13:00,13,Richard Candido Coelho -,Athletico Paranaense,1303,21:43
15,1,6,58,8,314,2,50:00,95,Danilo Fernandes Batista -,Internacional,1250,20:50
16,1,6,58,8,315,2,50:00,95,Caio Vidal Rocha -,Internacional,1250,20:50
17,1,6,58,16,316,2,50:00,95,Bruno da Silva Costa -,Chapecoense,1250,20:50
18,1,7,60,5,328,2,5:00,50,Abel Mathias Hernandez Platero -,Fluminense,1025,17:05
19,1,7,62,6,344,2,46:00,91,Allan Rodrigues de Souza -,Atlético Mineiro,1336,22:16
20,1,7,64,11,356,2,13:00,58,Walter Kannemann -,Grêmio,1273,21:13
21,1,8,74,1,396,2,17:00,62,Benjamin Kuscevic Jaramillo -,Palmeiras,1217,20:17
22,1,8,75,7,406,2,8:00,53,Juan Sebastian Quintero Fletcher -,Fortaleza,1028,17:08
23,1,8,77,10,417,2,44:00,89,Cleber Bomfim de Jesus -,Ceará,1064,17:44
24,1,9,85,19,456,2,24:00,69,Guilherme Castilho Carvalho -,Juventude,1179,19:39
25,1,11,105,7,551,2,37:00,82,Gaston Ricardo Liendo -,Fortaleza,1327,22:07
26,1,11,109,18,568,1,38:00,38,Joao Pedro Vilardi Pinto -,Cuiabá,1133,18:53
27,1,12,114,19,596,2,34:00,79,Guilherme Castilho Carvalho -,Juventude,1324,22:04
28,1,12,114,19,597,2,41:00,86,Marcos Vinicius Santos Goncalves -,Juventude,1331,22:11
29,1,13,120,0,641,2,34:00,79,MDMarcio Alves Tannure -,Flamengo,1054,17:34
30,1,13,125,17,665,1,48:00,48,Mauricio Nogueira Barbieri -,Red Bull Bragantino,1008,16:48
31,1,13,128,16,685,2,36:00,81,MDSamuel Ricardo Banaszeski -,Chapecoense,1176,19:36
32,1,13,129,18,689,2,48:00,93,Anderson Conceicao Benedito -,Cuiabá,1308,21:48
33,1,14,132,4,701,2,49:00,94,Emiliano Ariel Rigoni -,São Paulo,1249,20:49
34,1,14,133,6,710,2,44:00,89,Eduardo Jesus Vargas Rojas -,Atlético Mineiro,1064,17:44
35,1,14,134,8,716,2,45:00,90,Moises Roberto Barbosa -,Internacional,1305,21:45
36,1,14,138,16,735,2,35:00,80,Keiller da Silva Nunes -,Chapecoense,1190,19:50
37,1,14,138,16,736,1,43:00,43,Emilio Carlos Tannus Faro -,Chapecoense,1138,18:58
38,1,14,139,3,741,2,46:00,91,FTJoao Rodrigues dos Santos Neto -,Atlético,1336,22:16
39,1,15,140,0,746,2,17:00,62,Gabriel Barbosa Almeida -,Flamengo,1172,19:32
40,1,15,141,1,756,2,44:00,89,Victor Luis Chuab Zamblauskas -,Palmeiras,1364,22:44
41,1,15,141,7,757,2,25:00,70,Luis Antonio Ferreira Rodrigues -,Fortaleza,1345,22:25
42,1,15,147,4,785,2,36:00,81,Martin Nicolas Benitez -,São Paulo,1176,19:36
43,1,15,149,18,794,2,44:00,89,Felipe Marques da Silva -,Cuiabá,1364,22:44
44,1,16,153,1,811,1,35:00,35,Patrick de Paula Carreiro -,Palmeiras,1175,19:35
45,1,16,153,1,812,1,36:00,36,Abel Fernando Moreira Ferreira -,Palmeiras,1176,19:36
46,1,16,153,1,813,1,45:00,45,Joao Miguel Barreto Martins -,Palmeiras,1185,19:45
47,1,16,155,13,819,2,47:00,92,Marcelo Faria Fernandes -,Santos,1202,20:02
48,1,16,158,16,832,2,18:00,63,Ricardo Martins de Araujo -,Chapecoense,1278,21:18
49,1,17,167,14,859,2,46:00,91,Thiago Heleno Henrique Ferreira -,Athletico Paranaense,1066,17:46
50,1,17,169,16,871,2,46:00,91,Luis Carlos de Oliveira Preto -,Chapecoense,1126,18:46
51,1,17,169,3,872,2,44:00,89,Luis Eduardo Marques dos Santos -,Atlético,1124,18:44
52,1,18,174,11,897,2,34:00,79,Maicon Thiago Pereira de Souza -,Grêmio,1354,22:34
53,1,18,176,9,907,2,37:00,82,Thiago Neves Augusto -,Sport,1117,18:37
54,1,19,187,9,972,2,21:00,66,Anderson Hernanes de Carvalho Viana Lima -,Sport,1176,19:36
55,1,20,191,1,988,2,50:00,95,Jose Rafael Vivian -,Palmeiras,1070,17:50
56,1,20,197,17,1012,2,46:00,91,Artur Victor Guimaraes -,Red Bull Bragantino,1246,20:46
57,1,20,198,18,1021,2,51:00,96,Clayson Henrique da Silva Vieira -,Cuiabá,1131,18:51
58,1,21,204,7,1049,2,26:00,71,David Correa da Fonseca -,Fortaleza,746,12:26
59,1,21,204,8,1050,2,26:00,71,Renzo Saravia -,Internacional,746,12:26
60,1,21,207,19,1067,1,22:00,22,Rafael Forster -,Juventude,1147,19:07
61,1,21,209,18,1077,2,50:00,95,Marllon Goncalves Jeronimo Borges -,Cuiabá,1310,21:50
62,1,22,215,16,1096,2,22:00,67,Anderson Jordan da Silva Cordeiro -,Chapecoense,1102,18:22
63,1,23,226,10,1152,2,37:00,82,Cleber Bomfim de Jesus -,Ceará,1237,20:37
64,1,24,231,12,1163,1,48:00,48,Lucas Araujo de Oliveira -,Bahia,1338,22:18
65,1,25,240,3,1210,2,50:00,95,Eduardo do Nascimento Souza -,Atlético,1100,18:20
66,1,25,243,10,1229,1,32:00,32,Tiago Retzlaff Nunes -,Ceará,1022,17:02
67,1,25,245,7,1237,2,23:00,68,Ronald dos Santos Lopes -,Fortaleza,1223,20:23
68,1,26,256,1,1293,2,37:00,82,Wesley Ribeiro Silva -,Palmeiras,1387,23:07
69,1,26,257,17,1300,1,29:00,29,Eric dos Santos Rodrigues -,Red Bull Bragantino,1169,19:29
70,1,26,258,16,1310,2,50:00,95,Adelino Pereira de Camargo Neto -,Chapecoense,1250,20:50
71,1,27,261,8,1325,2,5:00,50,Edenilson Andrade dos Santos -,Internacional,1025,17:05
72,1,28,272,13,1376,1,46:00,46,Jean Mota Oliveira de Sousa -,Santos,1066,17:46
73,1,28,274,8,1383,2,49:00,94,Patrick Bezerra do Nascimento -,Internacional,1069,17:49
74,1,28,274,2,1384,2,49:00,94,João Vitor Xavier de Almeida -,Corinthians,1069,17:49
75,1,28,279,11,1408,2,24:00,69,Jonathan Doin -,Grêmio,1284,21:24
76,1,29,285,10,1442,1,29:00,29,Gabriel Dias de Oliveira -,Ceará,989,16:29
77,1,29,285,5,1443,2,31:00,76,TGAndre Carvalho da Silva -,Fluminense,1051,17:31
78,1,29,286,9,1451,2,6:00,51,Gustavo Atilano Florentin Morinigo -,Sport,1296,21:36
79,1,30,298,0,1504,2,44:00,89,Everton Augusto de Barros Ribeiro -,Flamengo,1304,21:44
80,1,30,298,16,1505,2,13:00,58,Kaio Nunes Ferreira -,Chapecoense,1273,21:13
81,1,31,300,0,1511,2,17:00,62,Diego Ribas da Cunha -,Flamengo,1217,20:17
82,1,31,300,12,1512,2,17:00,62,Rosicley Pereira da Silva -,Bahia,1217,20:17
83,1,31,300,12,1513,1,41:00,41,Matheus Bahia Santos -,Bahia,1181,19:41
84,1,31,306,9,1544,1,23:00,23,Gustavo Silva de Oliveira -,Sport,1313,21:53
85,1,31,307,10,1551,2,39:00,84,Fernando Pereira do Nascimento -,Ceará,1209,20:09
86,1,32,310,1,1569,2,47:00,92,Eduardo Pereira Rodrigues -,Palmeiras,1202,20:02
87,1,32,312,4,1574,1,10:00,10,Jonathan Calleri -,São Paulo,970,16:10
88,1,32,317,7,1605,2,7:00,52,TGNahuel Dario Martinez -,Fortaleza,1207,20:07
89,1,35,340,8,1697,2,49:00,94,Paulo Victor de Almeida Barbosa -,Internacional,1399,23:19
90,1,35,347,18,1742,2,49:00,94,Clayson Henrique da Silva Vieira -,Cuiabá,1249,20:49
91,1,35,347,18,1743,2,35:00,80,MDJhone Maykon Monteiro Pereira -,Cuiabá,1235,20:35
92,1,35,349,12,1760,2,51:00,96,Luis Antonio da Rocha Junior -,Bahia,1251,20:51
93,1,36,359,1,1816,2,45:00,90,Gabriel Veron Fonseca de Souza -,Palmeiras,1425,23:45
94,1,36,359,1,1817,2,40:00,85,Joao Miguel Barreto Martins -,Palmeiras,1420,23:40
95,1,37,366,5,1854,2,21:00,66,Manoel Messias Silva Carvalho -,Fluminense,1041,17:21
96,1,37,366,12,1855,2,21:00,66,Rosicley Pereira da Silva -,Bahia,1041,17:21
97,1,37,368,16,1865,1,8:00,8,Geuvanio Santos da Silva Lima -,Chapecoense,1268,21:08
98,1,37,369,7,1871,2,4:00,49,Gaston Ricardo Liendo -,Fortaleza,1264,21:04
99,1,38,378,2,1912,2,45:00,90,Fagner Conserva Lemos -,Corinthians,1395,23:15
100,2,1,388,23,1977,1,44:00,44,Marlon Matheus Lopes do Nascimento -,América Fc Saf,1184,19:44
101,2,1,388,23,1978,2,50:00,95,Matheus Leonardo Sales Cardoso -,América Fc Saf,1250,20:50
102,2,2,390,19,1988,1,38:00,38,Paulo Roberto Moccelin -,Juventude,1178,19:38
103,2,2,396,10,2025,2,48:00,93,Vinicius Moreira de Lima -,Ceará,1248,20:48
104,2,3,402,4,2060,2,45:00,90,Rogerio Ceni -,São Paulo,1095,18:15
105,2,3,405,19,2072,2,37:00,82,Vitor Mendes Alves -,Juventude,1177,19:37
106,2,3,406,7,2083,1,19:00,19,Luis Antonio Ferreira Rodrigues -,Fortaleza,1249,20:49
107,2,3,406,7,2084,1,19:00,19,Gaston Ricardo Liendo -,Fortaleza,1249,20:49
108,2,3,408,22,2098,1,25:00,25,Andrew Erik Feitosa -,Avaí,1225,20:25
109,2,4,416,17,2148,2,48:00,93,Ramon Ramos Lima -,Red Bull Bragantino,1098,18:18
110,2,4,419,5,2164,2,5:00,50,André Trindade da Costa Neto -,Fluminense,1025,17:05
111,2,5,420,23,2173,2,41:00,86,Felipe Azevedo dos Santos -,América Fc Saf,1091,18:11
112,2,5,423,1,2188,2,27:00,72,Joao Miguel Barreto Martins -,Palmeiras,1047,17:27
113,2,5,427,25,2215,1,25:00,25,Henrique Lordelo Souza de Oliveira -,Goiás,985,16:25
114,2,6,432,21,2244,2,29:00,74,Jonathan Renato Barbosa -,Cuiabá Saf,1049,17:29
115,2,6,434,7,2254,1,39:00,39,Brayan Andres Ceballos Jimenez -,Fortaleza,1119,18:39
116,2,6,438,19,2278,2,16:00,61,Francisco Hyun Sol Kim -,Juventude,1156,19:16
117,2,6,438,19,2279,2,39:00,84,Paulo Roberto Moccelin -,Juventude,1179,19:39
118,2,6,439,23,2287,1,39:00,39,Iago Justen Maidana Martins -,América Fc Saf,1089,18:09
119,2,7,444,10,2313,2,19:00,64,Richard Candido Coelho -,Ceará,1189,19:49
120,2,7,447,24,2327,2,40:00,85,Henrique Adriano Buss -,Coritiba,1090,18:10
121,2,7,447,24,2328,2,48:00,93,Luciano Castan da Silva -,Coritiba,1098,18:18
122,2,7,448,21,2339,2,22:00,67,Luiz Fernando Iubel -,Cuiabá Saf,1342,22:22
123,2,7,448,21,2340,2,36:00,81,Rafael Gustavo Meneghel Gava -,Cuiabá Saf,1356,22:36
124,2,7,448,21,2341,2,35:00,80,Joao Lucas de Almeida Carvalho -,Cuiabá Saf,1355,22:35
125,2,8,450,22,2356,2,40:00,85,Douglas Alan Schuck Friedrich -,Avaí,1240,20:40
126,2,8,451,5,2365,2,47:00,92,David Braz de Oliveira Filho -,Fluminense,1187,19:47
127,2,8,451,0,2366,2,47:00,92,Rodinei Marcelo de Almeida -,Flamengo,1187,19:47
128,2,8,452,4,2376,2,44:00,89,Igor Silveira Gomes -,São Paulo,1244,20:44
129,2,8,454,1,2386,2,49:00,94,PFMarco Aurelio Schiavo Reis -,Palmeiras,1069,17:49
130,2,8,457,17,2401,2,47:00,92,Eric dos Santos Rodrigues -,Red Bull Bragantino,1097,18:17
131,2,8,459,24,2418,2,49:00,94,TGJose Luiz Baptista de Leao -,Coritiba,1069,17:49
132,2,9,462,8,2433,2,50:00,95,MDGuilherme Velho Caputo -,Internacional,1250,20:50
133,2,9,465,5,2451,2,48:00,93,Gustavo Nonato Santana -,Fluminense,768,12:48
134,2,9,465,5,2452,2,22:00,67,MDRicardo Reiniger Olivero -,Fluminense,742,12:22
135,2,10,472,17,2495,2,22:00,67,Luan Candido de Almeida -,Red Bull Bragantino,1312,21:52
136,2,10,474,13,2501,1,45:00,45,Lucas Gabriel Ochandorena -,Santos,1335,22:15
137,2,10,476,7,2512,2,44:00,89,TGNahuel Dario Martinez -,Fortaleza,1304,21:44
138,2,10,477,22,2518,2,50:00,95,Diego Daniel Rodrigues de Matos -,Avaí,1340,22:20
139,2,10,478,21,2522,2,46:00,91,Wanderson Ferreira de Oliveira -,Cuiabá Saf,1396,23:16
140,2,11,480,13,2537,2,15:00,60,Lucas Pires Silva -,Santos,1215,20:15
141,2,11,481,5,2543,1,20:00,20,David Braz de Oliveira Filho -,Fluminense,1160,19:20
142,2,11,484,22,2562,2,51:00,96,Bruno Cesar Pereira Silva -,Avaí,1251,20:51
143,2,11,487,10,2582,2,35:00,80,Bruno de Jesus Pacheco -,Ceará,1055,17:35
144,2,11,489,24,2592,2,26:00,71,Thonny Anderson da Silva Carvalho -,Coritiba,1166,19:26
145,2,12,490,23,2597,1,10:00,10,Alexandre Egea -,América Fc Saf,1300,21:40
146,2,12,493,3,2610,2,28:00,73,Arthur Henrique Peixoto Santos -,Atlético,1168,19:28
147,2,12,495,19,2624,1,47:00,47,Yuri Oliveira Lima -,Juventude,1337,22:17
148,2,12,499,14,2645,2,26:00,71,Hugo Moura Arruda da Silva -,Athletico Paranaense,1376,22:56
149,2,12,499,2,2646,2,26:00,71,Roni Medeiros de Moura -,Corinthians,1376,22:56
150,2,13,504,13,2673,2,29:00,74,PFSebastiao Martins de Oliveira Junior -,Santos,1349,22:29
151,2,13,504,13,2674,2,28:00,73,Fabian Daniel Bustos -,Santos,1348,22:28
152,2,13,506,7,2687,2,43:00,88,Juan Pablo Vojvoda -,Fortaleza,1183,19:43
153,2,13,507,19,2695,2,4:00,49,William Matheus da Silva -,Juventude,1144,19:04
154,2,13,509,24,2709,2,40:00,85,Diego Porfirio da Silva -,Coritiba,1060,17:40
155,2,14,513,2,2732,2,37:00,82,TGLuis Miguel Moreira da Silva -,Corinthians,1237,20:37
156,2,14,517,21,2757,2,37:00,82,Alan Pereira Empereur -,Cuiabá Saf,1177,19:37
157,2,15,522,17,2779,2,49:00,94,Eric dos Santos Rodrigues -,Red Bull Bragantino,1309,21:49
158,2,15,523,1,2785,2,45:00,90,Gabriel Vinicius Menino -,Palmeiras,1365,22:45
159,2,15,526,8,2802,2,44:00,89,Matheus Alfredo Cadorini da Silva -,Internacional,1244,20:44
160,2,15,529,24,2820,2,38:00,83,Nathan Gabriel de Souza Mendes -,Coritiba,1178,19:38
161,2,16,533,2,2838,1,35:00,35,Vitor Manuel de Oliveira Lopes Pereira -,Corinthians,995,16:35
162,2,16,538,21,2862,2,21:00,66,Bruno Amorim Lazaroni -,Cuiabá Saf,1221,20:21
163,2,16,538,20,2863,2,47:00,92,Daniel Fortunato Borges -,Botafogo,1247,20:47
164,2,16,538,20,2864,2,26:00,71,Hugo Gonçalves Ferreira Neto -,Botafogo,1226,20:26
165,2,18,551,19,2926,1,38:00,38,Jadson Alves dos Santos -,Juventude,1268,21:08
166,2,18,555,4,2952,1,33:00,33,Charles Alexandre Patrice Francis Hembert -,São Paulo,1263,21:03
167,2,19,561,5,2976,2,51:00,96,Marrony da Silva Liberato Silveira -,Fluminense,1071,17:51
168,2,19,562,25,2984,1,45:00,45,PFEdnilson de Sena Goes -,Goiás,1185,19:45
169,2,19,569,24,3013,2,43:00,88,Thonny Anderson da Silva Carvalho -,Coritiba,1303,21:43
170,2,20,571,3,3022,2,40:00,85,Luiz Fernando Moraes dos Santos -,Atlético,1330,22:10
171,2,20,576,10,3042,2,4:00,49,Richardson Fernandes dos Santos -,Ceará,1054,17:34
172,2,20,577,24,3046,2,40:00,85,Egidio de Araujo Pereira Junior -,Coritiba,1090,18:10
173,2,21,586,7,3092,1,29:00,29,Jose Romario Silva de Souza -,Fortaleza,1109,18:29
174,2,22,594,20,3121,2,16:00,61,Philipe Sampaio Azevedo -,Botafogo,1336,22:16
175,2,22,597,25,3135,2,39:00,84,Savio Antonio Alves -,Goiás,1089,18:09
176,2,22,598,19,3146,2,48:00,93,Vitor Benedito Leque da Silva -,Juventude,1338,22:18
177,2,23,607,3,3182,1,44:00,44,Lucas Xavier Gazal -,Atlético,1124,18:44
178,2,23,608,8,3190,1,28:00,28,Luiz Antonio Venker Menezes -,Internacional,1228,20:28
179,2,24,617,3,3224,2,11:00,56,Hayner Willian Monjardim Cordeiro -,Atlético,1061,17:41
180,2,24,617,25,3225,2,34:00,79,Caio Vinicius da Conceicao -,Goiás,1084,18:04
181,2,25,621,10,3247,2,18:00,63,Joao Alves de Assis Silva -,Ceará,738,12:18
182,2,25,621,0,3248,2,48:00,93,Gabriel Barbosa Almeida -,Flamengo,768,12:48
183,2,25,628,21,3288,1,45:00,45,Bruno Amorim Lazaroni -,Cuiabá Saf,1185,19:45
184,2,25,628,4,3289,2,9:00,54,Welington Damascena Santos -,São Paulo,1209,20:09
185,2,25,628,4,3290,2,36:00,81,TGOctavio Jose Bittencourt Ambrogi Kalil Ohl -,São Paulo,1236,20:36
186,2,26,630,6,3296,2,49:00,94,PFCristiano Garcia Nunes -,Atlético Mineiro,1129,18:49
187,2,26,631,7,3300,1,45:00,45,Gaston Ricardo Liendo -,Fortaleza,1185,19:45
188,2,26,638,14,3338,2,5:00,50,Vitor Hugo Naum dos Santos -,Athletico Paranaense,725,12:05
189,2,26,639,3,3348,2,39:00,84,Eduardo Alexandre Baptista -,Atlético,1059,17:39
190,2,27,641,5,3359,1,5:00,5,David Braz de Oliveira Filho -,Fluminense,965,16:05
191,2,27,641,5,3360,2,42:00,87,Manoel Messias Silva Carvalho -,Fluminense,1062,17:42
192,2,27,641,0,3361,2,42:00,87,Mario Sergio Santos Costa -,Flamengo,1062,17:42
193,2,27,641,0,3362,2,45:00,90,Everton Sousa Soares -,Flamengo,1065,17:45
194,2,27,641,5,3363,2,45:00,90,Caio Fernando de Oliveira -,Fluminense,1065,17:45
195,2,27,643,1,3377,2,14:00,59,Danilo dos Santos de Oliveira -,Palmeiras,1184,19:44
196,2,27,643,1,3378,2,47:00,92,Abel Fernando Moreira Ferreira -,Palmeiras,1217,20:17
197,2,27,646,10,3398,1,38:00,38,Luiz Otavio Anacleto Leandro -,Ceará,998,16:38
198,2,27,646,10,3399,2,39:00,84,Jose Roberto Assunçao de Araujo Filho -,Ceará,1059,17:39
199,2,27,649,21,3418,1,46:00,46,Paulo Marcos de Jesus Ribeiro -,Cuiabá Saf,1186,19:46
200,2,29,660,5,3477,2,17:00,62,Manoel Messias Silva Carvalho -,Fluminense,977,16:17
201,2,29,661,17,3479,1,4:00,4,Luan Candido de Almeida -,Red Bull Bragantino,1144,19:04
202,2,29,664,1,3497,2,23:00,68,Jose Rafael Vivian -,Palmeiras,1283,21:23
203,2,30,674,13,3556,2,44:00,89,Nathan Santos de Araújo -,Santos,1394,23:14
204,2,30,674,6,3557,2,41:00,86,TGRogerio Maia de Brum -,Atlético Mineiro,1391,23:11
205,2,30,676,10,3569,2,15:00,60,Vinicius Goes Barbosa de Souza -,Ceará,1215,20:15
206,2,31,682,4,3602,2,44:00,89,Leonardo Pinheiro da Conceicao -,São Paulo,1064,17:44
207,2,31,689,24,3631,1,3:00,3,Warley Leandro da Silva -,Coritiba,1083,18:03
208,2,32,690,7,3636,2,28:00,73,Caio Alexandre Sousa E Silva -,Fortaleza,1318,21:58
209,2,32,692,17,3648,2,52:00,97,Lucas Evangelista Santana de Oliveira -,Red Bull Bragantino,1312,21:52
210,2,32,693,4,3657,2,45:00,90,Lucas Lopes Beraldo -,São Paulo,1065,17:45
211,2,32,693,4,3658,1,44:00,44,Nahuel Adolfo Ferraresi Hernandez -,São Paulo,1004,16:44
212,2,32,696,21,3680,2,5:00,50,Igor Aquino da Silva -,Cuiabá Saf,1025,17:05
213,2,33,704,2,3713,1,43:00,43,Yuri Alberto Monteiro da Silva -,Corinthians,1183,19:43
214,2,33,704,13,3714,2,14:00,59,Lucas Henrique Barbosa -,Santos,1214,20:14
215,2,34,716,24,3773,2,42:00,87,Guillermo Gabriel de Los Santos Viana -,Coritiba,1242,20:42
216,2,34,717,25,3779,2,13:00,58,MDIgor de Castro Aquino -,Goiás,1378,22:58
217,2,34,719,14,3791,2,15:00,60,Tomas Esteban Cuello -,Athletico Paranaense,1380,23:00
218,2,35,722,6,3802,2,50:00,95,Avlamir Dirceo Stival -,Atlético Mineiro,1400,23:20
219,2,35,726,10,3820,2,12:00,57,Cleber Bomfim de Jesus -,Ceará,1272,21:12
220,2,36,731,4,3841,2,46:00,91,Marcio Rafael Ferreira de Souza -,São Paulo,1096,18:16
221,2,36,735,14,3865,2,45:00,90,Thiago Heleno Henrique Ferreira -,Athletico Paranaense,1365,22:45
222,2,36,736,3,3873,2,29:00,74,Luiz Fernando Moraes dos Santos -,Atlético,1049,17:29
223,2,36,738,21,3888,1,48:00,48,Antonio José Cardoso de Oliveira -,Cuiabá Saf,1158,19:18
224,2,37,741,25,3908,2,41:00,86,Fellipe Ramos Ignez Bastos -,Goiás,1241,20:41
225,2,37,741,25,3909,2,6:00,51,Adailson Freire Pereira da Silva -,Goiás,1206,20:06
226,2,37,749,2,3965,1,37:00,37,Bruno Mendez Cittadini -,Corinthians,1177,19:37
227,2,37,749,2,3966,1,38:00,38,Vitor Manuel de Oliveira Lopes Pereira -,Corinthians,1178,19:38
228,2,38,750,3,3973,1,38:00,38,Willian Marlon Ferreira Moraes -,Atlético,998,16:38
229,2,38,758,24,4014,2,2:00,47,Alef Mangueira Severino Pereira -,Coritiba,1022,17:02
230,3,1,762,21,4036,2,11:00,56,Filipe Augusto Carvalho Souza -,Cuiabá Saf,1031,17:11
231,3,1,762,1,4037,1,45:00,45,Abel Fernando Moreira Ferreira -,Palmeiras,1005,16:45
232,3,1,765,27,4059,1,36:00,36,Mauricio Nogueira Barbieri -,Vasco da Gama S.a.f.,1296,21:36
233,3,1,766,13,4066,2,41:00,86,Yeferson Julio Soteldo Martinez -,Santos,1211,20:11
234,3,2,775,26,4126,2,52:00,97,Lucas da Cruz Oliveira -,Cruzeiro Saf,1372,22:52
235,3,3,780,20,4151,2,5:00,50,Rafael Pereira da Silva -,Botafogo,1025,17:05
236,3,3,780,20,4152,2,11:00,56,Luis Manuel Ribeiro de Castro -,Botafogo,1031,17:11
237,3,3,783,13,4175,2,48:00,93,Eduardo Gabriel dos Santos Bauermann -,Santos,1218,20:18
238,3,3,784,17,4183,1,26:00,26,Aderlan de Lima Silva -,Red Bull Bragantino,1136,18:56
239,3,3,784,17,4184,2,33:00,78,Cleiton Schwengber -,Red Bull Bragantino,1203,20:03
240,3,3,785,14,4192,2,35:00,80,Alex Paulo Menezes Santana -,Athletico Paranaense,1355,22:35
241,3,3,786,25,4198,2,16:00,61,Magno Jose da Silva -,Goiás,1186,19:46
242,3,3,789,21,4217,2,51:00,96,Itaro Patric Cardoso Calmon -,Cuiabá Saf,1221,20:21
243,3,4,794,25,4248,1,40:00,40,Lucas Halter -,Goiás,1150,19:10
244,3,4,799,23,4287,2,44:00,89,Matheus Fernando Cavichioli -,América Fc Saf,764,12:44
245,3,5,805,5,4323,2,31:00,76,André Trindade da Costa Neto -,Fluminense,1381,23:01
246,3,5,808,4,4339,2,25:00,70,Rodrigo Nestor Bertalia -,São Paulo,1285,21:25
247,3,5,808,7,4340,2,17:00,62,Emanuel Britez -,Fortaleza,1277,21:17
248,3,6,813,4,4370,1,23:00,23,Lucas Khodor Silvestre -,São Paulo,983,16:23
249,3,6,818,12,4410,2,28:00,73,Julio Cesar de Rezende Miranda -,Bahia,1048,17:28
250,3,6,818,12,4411,2,31:00,76,Victor Hugo Soares dos Santos -,Bahia,1051,17:31
251,3,7,826,11,4444,2,7:00,52,Walter Kannemann -,Grêmio,1177,19:37
252,3,7,827,24,4456,2,9:00,54,Jose Roberto Assunçao de Araujo Filho -,Coritiba,1179,19:39
253,3,7,827,6,4457,2,43:00,88,Paolo Mauricio Lemos Merladett -,Atlético Mineiro,1213,20:13
254,3,10,851,20,4594,1,40:00,40,João Carlos Magalhães Brandão -,Botafogo,1300,21:40
255,3,10,852,4,4602,2,48:00,93,Pablo Gonçalves Maia Fortunato -,São Paulo,1068,17:48
256,3,10,857,13,4629,2,47:00,92,Guilherme de Aguiar Camacho -,Santos,1067,17:47
257,3,11,860,5,4650,2,54:00,99,Fernando Diniz Silva -,Fluminense,1404,23:24
258,3,11,866,23,4679,1,33:00,33,Eder Ferreira Graminho -,América Fc Saf,1173,19:33
259,3,12,870,5,4697,1,37:00,37,Marcilio Florencio Mota Filho -,Fluminense,1147,19:07
260,3,12,871,21,4708,2,42:00,87,Antonio José Cardoso de Oliveira -,Cuiabá Saf,1362,22:42
261,3,12,876,24,4732,2,47:00,92,Bruno Gomes da Silva Clevelario -,Coritiba,1067,17:47
262,3,12,878,6,4742,2,44:00,89,Renzo Saravia -,Atlético Mineiro,1214,20:14
263,3,13,885,6,4783,1,51:00,51,Luiz Felipe Scolari -,Atlético Mineiro,1011,16:51
264,3,13,886,26,4794,2,24:00,69,Lucas da Cruz Oliveira -,Cruzeiro Saf,1344,22:24
265,3,13,887,1,4800,2,20:00,65,Gustavo Garcia dos Santos -,Palmeiras,1040,17:20
266,3,14,893,13,4832,2,35:00,80,Paulo Cesar Turra -,Santos,755,12:35
267,3,14,893,13,4833,2,16:00,61,Vladimir Orlando Cardoso de Araujo Filho -,Santos,736,12:16
268,3,14,893,25,4834,2,55:00,100,Guilherme Costa Marques -,Goiás,775,12:55
269,3,15,904,6,4907,2,46:00,91,Guilherme Antonio Arana Lopes -,Atlético Mineiro,1306,21:46
270,3,15,909,30,4937,2,53:00,98,Felipe Azevedo dos Santos -,America Fc S.a.f.,1313,21:53
271,3,15,909,30,4938,1,50:00,50,Iago Justen Maidana Martins -,America Fc S.a.f.,1250,20:50
272,3,16,911,14,4951,2,50:00,95,Jose Ivaldo Almeida Silva -,Athletico Paranaense,1220,20:20
273,3,16,919,4,5005,2,13:00,58,Dorival Silvestre Junior -,São Paulo,1183,19:43
274,3,17,926,8,5048,2,20:00,65,Gabriel Ivan Mercado -,Internacional,1040,17:20
275,3,18,930,5,5072,2,44:00,89,Leanderson da Silva Genesio -,Fluminense,1364,22:44
276,3,18,930,1,5073,1,43:00,43,Joao Miguel Barreto Martins -,Palmeiras,1303,21:43
277,3,18,936,8,5107,2,46:00,91,Carlos Maria de Pena Bonino -,Internacional,1216,20:16
278,3,18,937,28,5116,2,46:00,91,Thiago Kosloski -,Coritiba S.a.f.,1216,20:16
279,3,18,938,30,5125,2,19:00,64,Esteban Rodrigo Burgos -,America Fc S.a.f.,1189,19:49
280,3,19,944,27,5161,2,50:00,95,Ramon Angel Diaz -,Vasco da Gama S.a.f.,1370,22:50
281,3,19,949,30,5186,2,48:00,93,Daniel Fortunato Borges -,America Fc S.a.f.,1068,17:48
282,3,20,953,11,5216,2,48:00,93,Renato Portaluppi -,Grêmio,1068,17:48
283,3,21,967,14,5310,1,20:00,20,Vinicius Kaue Ribeiro Ferreira -,Athletico Paranaense,1130,18:50
284,3,21,969,4,5326,2,29:00,74,Robert Abel Arboleda Escobar -,São Paulo,1049,17:29
285,3,21,969,30,5327,2,28:00,73,Gonzalo Mathias Mastriani Borges -,America Fc S.a.f.,1048,17:28
286,3,22,970,5,5336,2,48:00,93,PFMarcos de Seixas Correa -,Fluminense,1068,17:48
287,3,22,973,2,5351,2,50:00,95,Maycon de Andrade Barberan -,Corinthians,1070,17:50
288,3,22,973,1,5352,2,46:00,91,Murilo Cerqueira Paim -,Palmeiras,1066,17:46
289,3,22,974,8,5358,2,47:00,92,Luiz Adriano Souza da Silva -,Internacional,1067,17:47
290,3,22,974,25,5359,2,46:00,91,Magno Jose da Silva -,Goiás,1066,17:46
291,3,22,974,25,5360,2,47:00,92,Lucas Halter -,Goiás,1067,17:47
292,3,22,975,26,5367,2,30:00,75,PFTulio Flores dos Santos -,Cruzeiro Saf,1200,20:00
293,3,22,977,14,5376,2,36:00,81,Fernando Luiz Roza -,Athletico Paranaense,1056,17:36
294,3,22,978,27,5382,2,48:00,93,Jair Rodrigues Junior -,Vasco da Gama S.a.f.,1218,20:18
295,3,22,979,13,5388,2,48:00,93,Yeferson Julio Soteldo Martinez -,Santos,1218,20:18
296,3,23,980,0,5394,2,21:00,66,Gabriel Barbosa Almeida -,Flamengo,1371,22:51
297,3,23,982,25,5405,2,30:00,75,Raphael Gregorio Guzzo -,Goiás,1380,23:00
298,3,23,984,17,5417,1,33:00,33,TGJose Francisco Belman Gonzales -,Red Bull Bragantino,1323,22:03
299,3,23,989,30,5446,2,31:00,76,Danilo Fernando Avelar -,America Fc S.a.f.,1291,21:31
300,3,24,993,20,5475,1,20:00,20,Fernando Marcal de Oliveira -,Botafogo,1220,20:20
301,3,24,996,11,5494,2,40:00,85,Mathias Adalberto Villasanti Rolon -,Grêmio,1390,23:10
302,3,25,1000,12,5513,2,3:00,48,Victor Hugo Soares dos Santos -,Bahia,1023,17:03
303,3,25,1003,13,5536,2,14:00,59,Lucas Rafael Araujo Lima -,Santos,1034,17:14
304,3,25,1003,13,5537,2,14:00,59,Rodrigo Fernandez Cedres -,Santos,1034,17:14
305,3,25,1003,27,5538,2,14:00,59,Gary Alexis Medel Soto -,Vasco da Gama S.a.f.,1034,17:14
306,3,25,1005,26,5552,2,48:00,93,Fernando Henrique do Nascimento Pereira -,Cruzeiro Saf,1068,17:48
307,3,25,1006,8,5555,2,53:00,98,Hugo Mallo Novegil -,Internacional,1373,22:53
308,3,25,1009,5,5572,1,39:00,39,Matheus Martinelli Lima -,Fluminense,1149,19:09
309,3,26,1014,25,5598,2,29:00,74,Jose Felipe Macedo de Freitas -,Goiás,1049,17:29
310,3,27,1020,5,5637,2,25:00,70,Felipe Melo de Carvalho -,Fluminense,1375,22:55
311,3,27,1026,11,5678,2,50:00,95,Reinaldo Manoel da Silva -,Grêmio,1250,20:50
312,3,27,1028,8,5683,2,38:00,83,Lucca Holanda Sampaio Tavares -,Internacional,1388,23:08
313,3,29,1041,27,5743,2,45:00,90,Paulo Lucas Santos de Paula -,Vasco da Gama S.a.f.,1245,20:45
314,3,29,1041,27,5744,2,50:00,95,Erick Marcus dos Santos Oliveira do Carmo -,Vasco da Gama S.a.f.,1250,20:50
315,3,29,1042,4,5751,2,16:00,61,Marcio Rafael Ferreira de Souza -,São Paulo,1276,21:16
316,3,29,1043,28,5759,1,37:00,37,Willian Roberto de Farias -,Coritiba S.a.f.,1327,22:07
317,3,30,1050,17,5795,2,41:00,86,Thiago Nicolas Borbas Silva -,Red Bull Bragantino,1391,23:11
318,3,30,1052,12,5807,2,44:00,89,Nicolas Brian Acevedo Tabarez -,Bahia,1244,20:44
319,3,30,1054,27,5822,2,44:00,89,Pablo Ezequiel Vegetti -,Vasco da Gama S.a.f.,1064,17:44
320,3,31,1060,0,5854,1,39:00,39,Gerson Santos da Silva -,Flamengo,1239,20:39
321,3,31,1060,0,5855,2,50:00,95,Bruno Henrique Pinto -,Flamengo,1310,21:50
322,3,31,1060,13,5856,2,45:00,90,Lucas Braga Ribeiro -,Santos,1305,21:45
323,3,31,1062,26,5874,2,11:00,56,Anderson Silva da Paixão -,Cruzeiro Saf,1271,21:11
324,3,31,1067,28,5892,2,40:00,85,Islam Slimani -,Coritiba S.a.f.,1300,21:40
325,3,32,1070,4,5914,1,28:00,28,Gabriel Neves Perdomo -,São Paulo,1318,21:58
326,3,32,1077,28,5951,2,48:00,93,Thiago Kosloski -,Coritiba S.a.f.,1218,20:18
327,3,32,1079,6,5960,2,51:00,96,Givanildo Vieira de Sousa -,Atlético Mineiro,1281,21:21
328,3,32,1079,31,5961,2,27:00,72,Alexandre Egea -,America Saf,1257,20:57
329,3,33,1080,1,5964,2,3:00,48,Gustavo Raul Gomez Portillo -,Palmeiras,1353,22:33
330,3,33,1085,27,5980,2,40:00,85,Gabriel Fortes Chaves -,Vasco da Gama S.a.f.,1240,20:40
331,3,33,1088,12,5991,1,43:00,43,Leandro Del Giudice Macagnan -,Bahia,1243,20:43
332,3,33,1088,12,5992,1,19:00,19,Camilo Damian Candido Aquino -,Bahia,1219,20:19
333,3,34,1090,0,5999,2,50:00,95,Gabriel Barbosa Almeida -,Flamengo,1220,20:20
334,3,34,1090,5,6000,2,50:00,95,Marcilio Florencio Mota Filho -,Fluminense,1220,20:20
335,3,34,1095,6,6014,2,9:00,54,Igor Rabello da Costa -,Atlético Mineiro,1179,19:39
336,3,34,1096,11,6024,2,35:00,80,Bruno Fabiano Alves -,Grêmio,1055,17:35
337,3,34,1096,2,6025,1,7:00,7,Bruno Mendez Cittadini -,Corinthians,967,16:07
338,3,35,1108,1,6094,2,14:00,59,Gustavo Raul Gomez Portillo -,Palmeiras,1184,19:44
339,3,35,1108,1,6095,2,25:00,70,Joao Miguel Barreto Martins -,Palmeiras,1195,19:55
340,3,36,1114,17,6129,2,32:00,77,Alerrandro Barra Mansa Realino de Souza -,Red Bull Bragantino,1322,22:02
341,3,36,1114,17,6130,2,28:00,73,Eric dos Santos Rodrigues -,Red Bull Bragantino,1318,21:58
342,3,36,1117,20,6148,1,30:00,30,Carlos Eduardo de Oliveira Alves -,Botafogo,1320,22:00
343,3,36,1117,28,6149,1,48:00,48,Jamerson Santos de Jesus -,Coritiba S.a.f.,1338,22:18
344,3,37,1122,5,6176,2,9:00,54,Lucas da Silva Justen -,Fluminense,1029,17:09
345,3,37,1123,2,6181,2,49:00,94,Lucas Verissimo da Silva -,Corinthians,1189,19:49
346,3,37,1129,35,6213,2,16:00,61,Mateus Henrique Alves Silva -,América Saf,1186,19:46
347,3,38,1131,17,6224,2,27:00,72,Leonardo Javier Realpe Montaño -,Red Bull Bragantino,1377,22:57
348,3,38,1138,12,6248,2,13:00,58,Leandro Del Giudice Macagnan -,Bahia,1363,22:43
349,3,38,1139,21,6256,2,51:00,96,Clayson Henrique da Silva Vieira -,Cuiabá Saf,1401,23:21
350,4,1,1140,8,6266,2,9:00,54,Luis Oscar Gonzalez -,Internacional,1179,19:39
351,4,1,1141,20,6274,2,26:00,71,Alexander Nahuel Barboza Ullua -,Botafogo,1106,18:26
352,4,1,1141,26,6275,2,51:00,96,TGRogerio Alves de Lima -,Cruzeiro Saf,1131,18:51
353,4,1,1148,3,6328,1,14:00,14,Jair Zaksauskas Ribeiro Ventura -,Atlético,974,16:14
354,4,1,1148,3,6329,1,47:00,47,Alix Vinicius de Souza Sampaio -,Atlético,1007,16:47
355,4,1,1148,3,6330,2,55:00,100,Magno Jose da Silva -,Atlético,1075,17:55
356,4,2,1157,26,6385,2,42:00,87,Lucas Daniel Romero -,Cruzeiro Saf,1302,21:42
357,4,2,1159,19,6396,2,50:00,95,Jadson Alves dos Santos -,Juventude,1310,21:50
358,4,3,1164,19,6428,1,36:00,36,Lucas de Freitas Molarinho Chagas -,Juventude,1146,19:06
359,4,3,1167,14,6456,2,42:00,87,Agustin Canobbio Graviz -,Athletico Paranaense,1062,17:42
360,4,3,1168,3,6461,2,17:00,62,Gabriel de Sousa Barros -,Atlético,1187,19:47
361,4,3,1168,3,6462,2,5:00,50,Luiz Felipe do Nascimento dos Santos -,Atlético,1175,19:35
362,4,4,1172,11,6478,2,46:00,91,Diego da Silva Costa -,Grêmio,1366,22:46
363,4,4,1178,34,6511,2,41:00,86,Bruno de Lara Fuchs -,Atlético Mineiro Saf,1211,20:11
364,4,5,1181,8,6533,1,31:00,31,Agustin Maximiliano Rogel Paita -,Internacional,1201,20:01
365,4,5,1182,36,6541,1,6:00,6,Wagner Leonardo Calvelo de Souza -,Vitória,966,16:06
366,4,5,1183,5,6549,1,31:00,31,PFMarcos de Seixas Correa -,Fluminense,991,16:31
367,4,5,1183,34,6550,2,31:00,76,TGDanilo Jose Prando Minutti -,Atlético Mineiro Saf,1051,17:31
368,4,5,1187,27,6569,1,14:00,14,Hugo Moura Arruda da Silva -,Vasco da Gama S.a.f.,974,16:14
369,4,5,1189,19,6581,2,44:00,89,Joao Lucas de Almeida Carvalho -,Juventude,1244,20:44
370,4,6,1194,36,6611,2,47:00,92,Cleidson Andrade de Souza Silva -,Vitória,1217,20:17
371,4,6,1195,1,6624,2,13:00,58,TGVitor Ilidio Castanheiras Penas -,Palmeiras,1033,17:13
372,4,6,1196,5,6633,1,51:00,51,Fernando Diniz Silva -,Fluminense,1251,20:51
373,4,6,1199,37,6659,2,33:00,78,Miguel Angel Trauco Saavedra -,Criciúma,1053,17:33
374,4,7,1202,36,6680,1,37:00,37,Itaro Patric Cardoso Calmon -,Vitória,997,16:37
375,4,7,1202,36,6681,2,37:00,82,Eduardo Marcelo Rodrigues Nunes -,Vitória,1057,17:37
376,4,7,1203,19,6688,2,38:00,83,Werik Silva Pinto -,Juventude,1208,20:08
377,4,7,1204,27,6691,1,48:00,48,Joao Victor da Silva Marcelino -,Vasco da Gama S.a.f.,1008,16:48
378,4,7,1206,26,6703,1,37:00,37,Marlon Rodrigues Xavier -,Cruzeiro Saf,1147,19:07
379,4,7,1207,14,6712,2,30:00,75,PFGustavo Henrique Porto -,Athletico Paranaense,1200,20:00
380,4,8,1214,20,6770,1,37:00,37,TGJoão Pedro Campos Cardoso -,Botafogo,1237,20:37
381,4,8,1216,17,6789,2,44:00,89,Eduardo Colcenti Antunes -,Red Bull Bragantino,1394,23:14
382,4,8,1218,2,6798,1,34:00,34,Gustavo Henrique Vernes -,Corinthians,1174,19:34
383,4,9,1221,34,6820,1,31:00,31,Givanildo Vieira de Sousa -,Atlético Mineiro Saf,1261,21:01
384,4,9,1222,8,6828,2,55:00,100,Luis Oscar Gonzalez -,Internacional,1075,17:55
385,4,9,1225,2,6853,2,32:00,77,Joao Victor Andrade Caetano -,Corinthians,1052,17:32
386,4,9,1226,17,6863,1,12:00,12,Jadsom Meemyas de Oliveira da Silva -,Red Bull Bragantino,1122,18:42
387,4,9,1227,14,6871,2,54:00,99,Alexi Stival -,Athletico Paranaense,1074,17:54
388,4,9,1227,14,6872,2,54:00,99,Avlamir Dirceo Stival -,Athletico Paranaense,1074,17:54
389,4,9,1228,7,6877,1,46:00,46,Renato Kayzer de Souza -,Fortaleza,1156,19:16
390,4,9,1228,7,6878,1,47:00,47,Emanuel Britez -,Fortaleza,1157,19:17
391,4,9,1228,21,6879,1,46:00,46,Armando Gonçalves Teixeira -,Cuiabá Saf,1156,19:16
392,4,9,1229,37,6885,2,16:00,61,Luiz Gustavo Almeida Pinto -,Criciúma,1186,19:46
393,4,10,1237,11,6921,1,44:00,44,Joao Pedro Vilardi Pinto -,Grêmio,1244,20:44
394,4,10,1238,38,6924,2,53:00,98,Ronaldo de Oliveira Strada -,Atlético Goianiense Saf,1253,20:53
395,4,10,1239,27,6930,2,51:00,96,Victor Luis Chuab Zamblauskas -,Vasco da Gama S.a.f.,1311,21:51
396,4,11,1242,26,6945,2,23:00,68,Marlon Rodrigues Xavier -,Cruzeiro Saf,1043,17:23
397,4,11,1243,5,6953,2,42:00,87,Vinicius Moreira de Lima -,Fluminense,1062,17:42
398,4,11,1243,5,6954,2,43:00,88,Fernando Diniz Silva -,Fluminense,1063,17:43
399,4,12,1252,27,7002,2,14:00,59,David Correa da Fonseca -,Vasco da Gama S.a.f.,1364,22:44
400,4,13,1260,5,7052,2,41:00,86,Jan Franc Lucumi Gonzalez -,Fluminense,1061,17:41
401,4,13,1263,26,7064,1,32:00,32,Alvaro Carvalho Martins -,Cruzeiro Saf,1142,19:02
402,4,13,1265,1,7084,2,18:00,63,Raphael Cavalcante Veiga -,Palmeiras,1278,21:18
403,4,13,1268,21,7100,2,49:00,94,Luciano Giménez Alanda -,Cuiabá Saf,1219,20:19
404,4,13,1269,8,7106,2,15:00,60,MGReginaldo Menezes de Jesus -,Internacional,1185,19:45
405,4,14,1271,34,7117,2,18:00,63,Romulo Helberte Pereira Junior -,Atlético Mineiro Saf,1368,22:48
406,4,14,1273,8,7135,2,48:00,93,Luis Oscar Gonzalez -,Internacional,1308,21:48
407,4,14,1274,7,7143,1,39:00,39,Hercules Pereira do Nascimento -,Fortaleza,1239,20:39
408,4,14,1277,14,7163,2,32:00,77,Leonardo Matias Baiersdorf Linck -,Athletico Paranaense,1382,23:02
409,4,14,1277,4,7164,2,41:00,86,Luis Francisco Zubeldía -,São Paulo,1391,23:11
410,4,14,1277,4,7165,2,42:00,87,Maximiliano Pablo Cuberas -,São Paulo,1392,23:12
411,4,14,1279,37,7176,2,46:00,91,Allano Brendon de Souza Lima -,Criciúma,1306,21:46
412,4,15,1284,34,7197,1,24:00,24,Igor Rabello da Costa -,Atlético Mineiro Saf,1254,20:54
413,4,15,1288,38,7211,2,28:00,73,Derek Freitas Ribeiro -,Atlético Goianiense Saf,1198,19:58
414,4,16,1290,11,7218,2,12:00,57,Walter Kannemann -,Grêmio,1182,19:42
415,4,16,1291,4,7223,2,12:00,57,Alan Javier Franco -,São Paulo,1362,22:42
416,4,17,1306,4,7300,2,45:00,90,PFPedro Augusto Biccari Franco de Campos -,São Paulo,1305,21:45
417,4,17,1306,4,7301,2,54:00,99,Igor Vinicius de Souza -,São Paulo,1314,21:54
418,4,18,1313,37,7347,2,44:00,89,Allano Brendon de Souza Lima -,Criciúma,1064,17:44
419,4,18,1314,20,7354,2,42:00,87,TGJoão Pedro Campos Cardoso -,Botafogo,1212,20:12
420,4,18,1316,17,7376,1,47:00,47,Cleiton Schwengber -,Red Bull Bragantino,1157,19:17
421,4,18,1316,17,7377,2,18:00,63,Pedro Gonçalo Fernandes Malta -,Red Bull Bragantino,1188,19:48
422,4,18,1317,38,7386,1,47:00,47,Jan Carlos Hurtado Anchico -,Atlético Goianiense Saf,1157,19:17
423,4,18,1317,7,7387,2,9:00,54,Benjamin Kuscevic Jaramillo -,Fortaleza,1179,19:39
424,4,18,1318,5,7392,2,51:00,96,Claudio Rodrigues Gomes -,Fluminense,1311,21:51
425,4,18,1319,4,7401,2,47:00,92,TGCarlos Armando Gruezo Quiñones -,São Paulo,1217,20:17
426,4,19,1320,7,7410,2,38:00,83,Emanuel Britez -,Fortaleza,1268,21:08
427,4,19,1321,19,7419,2,51:00,96,Jose Marcos Alves Luis -,Juventude,1251,20:51
428,4,19,1328,38,7455,2,52:00,97,Alix Vinicius de Souza Sampaio -,Atlético Goianiense Saf,1402,23:22
429,4,20,1331,34,7474,2,52:00,97,Lyanco Evangelista Silveira Neves Vojnovic -,Atlético Mineiro Saf,1252,20:52
430,4,20,1335,36,7499,2,46:00,91,Jose Breno Silva Costa -,Vitória,1246,20:46
431,4,20,1337,7,7511,2,43:00,88,Hercules Pereira do Nascimento -,Fortaleza,1393,23:13
432,4,21,1345,19,7553,1,46:00,46,Gabriel Vasconcelos Ferreira -,Juventude,1006,16:46
433,4,21,1345,19,7554,2,12:00,57,Alan Luciano Ruschel -,Juventude,1032,17:12
434,4,21,1345,19,7555,2,37:00,82,Lucas Henrique Barbosa -,Juventude,1057,17:37
435,4,21,1348,20,7571,2,48:00,93,Danilo das Neves Pinheiro -,Botafogo,1308,21:48
436,4,21,1348,38,7572,2,48:00,93,Janderson Santos de Souza -,Atlético Goianiense Saf,1308,21:48
437,4,22,1352,36,7591,2,7:00,52,Thiago Carpini Barbosa -,Vitória,1027,17:07
438,4,22,1353,1,7596,2,47:00,92,Murilo Cerqueira Paim -,Palmeiras,1067,17:47
439,4,23,1362,36,7652,1,38:00,38,Hueglo dos Santos Neris -,Vitória,1238,20:38
440,4,23,1365,1,7671,1,46:00,46,Joao Miguel Barreto Martins -,Palmeiras,1006,16:46
441,4,23,1365,4,7672,2,40:00,85,Luciano da Rocha Neves -,São Paulo,1060,17:40
442,4,24,1378,38,7742,2,35:00,80,Bruno Nunes de Barros -,Atlético Goianiense Saf,1055,17:35
443,4,24,1378,19,7743,2,50:00,95,Jose Marcos Alves Luis -,Juventude,1070,17:50
444,4,25,1380,11,7751,1,20:00,20,Gustavo Martins de Souza Santos -,Grêmio,680,11:20
445,4,25,1385,2,7794,2,50:00,95,Yuri Alberto Monteiro da Silva -,Corinthians,1070,17:50
446,4,25,1385,2,7795,2,55:00,100,Carlos de Menezes Junior -,Corinthians,1075,17:55
447,4,25,1389,19,7811,1,44:00,44,Rodrigo Eduardo da Silva -,Juventude,1154,19:14
448,4,26,1394,2,7831,2,51:00,96,Ramon Angel Diaz -,Corinthians,1371,22:51
449,4,26,1395,1,7835,2,21:00,66,Caio Fernando de Oliveira -,Palmeiras,1041,17:21
450,4,26,1399,5,7865,2,33:00,78,PFMarcos de Seixas Correa -,Fluminense,1053,17:33
451,4,27,1400,0,7867,2,12:00,57,Carlos Moises de Lima -,Flamengo,1182,19:42
452,4,27,1407,7,7905,2,38:00,83,José Welison da Silva -,Fortaleza,1358,22:38
453,4,27,1408,26,7908,2,37:00,82,Joao Marcelo Messias Ferreira -,Cruzeiro Saf,1207,20:07
454,4,28,1411,27,7921,2,33:00,78,Mateus Carvalho dos Santos -,Vasco da Gama S.a.f.,1203,20:03
455,4,28,1414,11,7937,2,44:00,89,Miguel Angel Monsalve Gonzalez -,Grêmio,1364,22:44
456,4,28,1418,5,7964,2,53:00,98,Sidnei de Espirito -,Fluminense,1073,17:53
457,4,28,1418,5,7965,2,53:00,98,German Ezequiel Cano -,Fluminense,1073,17:53
458,4,29,1420,7,7978,2,34:00,79,Eros Nazareno Mancuso -,Fortaleza,1384,23:04
459,4,29,1420,11,7979,2,44:00,89,Fabio Pereira da Silva -,Grêmio,1394,23:14
460,4,29,1421,34,7981,2,36:00,81,Everson Felipe Marques Pires -,Atlético Mineiro Saf,1086,18:06
461,4,29,1422,12,7991,2,52:00,97,Santiago Arias Naranjo -,Bahia,1252,20:52
462,4,29,1424,27,8007,2,42:00,87,Josef de Souza Dias -,Vasco da Gama S.a.f.,1362,22:42
463,4,30,1437,7,8070,2,14:00,59,Mario Sergio Santos Costa -,Fortaleza,1379,22:59
464,4,30,1437,7,8071,2,37:00,82,Guilherme de Jesus da Silva -,Fortaleza,1402,23:22
465,4,31,1441,34,8101,2,25:00,70,Gustavo Henrique Furtado Scarpa -,Atlético Mineiro Saf,1225,20:25
466,4,31,1443,19,8115,2,29:00,74,Anderson Luis de Carvalho -,Juventude,1079,17:59
467,4,31,1447,26,8133,1,1:00,1,Rafael da Silva -,Cruzeiro Saf,1111,18:31
468,4,32,1450,37,8146,1,50:00,50,Felipe dos Reis Pereira Vizeu do Carmo Linhares -,Criciúma,1340,22:20
469,4,32,1450,8,8147,1,50:00,50,Roberto Lampert Ribas -,Internacional,1340,22:20
470,4,32,1451,0,8156,2,49:00,94,Allan Rodrigues de Souza -,Flamengo,1369,22:49
471,4,32,1453,5,8173,2,54:00,99,Felipe Melo de Carvalho -,Fluminense,1374,22:54
472,4,32,1454,27,8176,1,42:00,42,Joao Victor da Silva Marcelino -,Vasco da Gama S.a.f.,1332,22:12
473,4,34,1471,34,8271,1,40:00,40,Rubens Antonio Dias -,Atlético Mineiro Saf,1330,22:10
474,4,34,1471,20,8272,2,52:00,97,Alexander Nahuel Barboza Ullua -,Botafogo,1402,23:22
475,4,34,1477,14,8294,2,25:00,70,Thiago Heleno Henrique Ferreira -,Athletico Paranaense,1075,17:55
476,4,34,1479,37,8302,1,27:00,27,Claudio Coelho Salvatico -,Criciúma,1017,16:57
477,4,35,1484,20,8325,2,52:00,97,Francisco das Chagas Soares dos Santos -,Botafogo,1282,21:22
478,4,35,1486,34,8341,1,45:00,45,Mariano Ferreira Filho -,Atlético Mineiro Saf,1335,22:15
479,4,35,1487,0,8347,2,23:00,68,Erick Antonio Pulgar Farfan -,Flamengo,1283,21:23
480,4,36,1494,38,8375,2,40:00,85,Luiz Fernando Moraes dos Santos -,Atlético Goianiense Saf,1390,23:10
481,4,36,1495,1,8384,2,24:00,69,Marcos Luis Rocha Aquino -,Palmeiras,1374,22:54
482,4,36,1497,14,8393,1,42:00,42,Leonardo Matias Baiersdorf Linck -,Athletico Paranaense,1152,19:12
483,4,36,1497,5,8394,2,48:00,93,Paulo Henrique Chagas de Lima -,Fluminense,1218,20:18
484,4,38,1510,11,8464,2,35:00,80,Douglas Moreira Fagundes -,Grêmio,1055,17:35
485,4,38,1510,2,8465,2,35:00,80,Jose Andres Martinez Torres -,Corinthians,1055,17:35
486,4,38,1519,19,8499,1,46:00,46,Marcelo Jose de Lima Filho -,Juventude,1006,16:46
487,4,38,1519,26,8500,2,46:00,91,Matheus Fellipe Costa Pereira -,Cruzeiro Saf,1066,17:46
488,4,38,1519,19,8501,2,46:00,91,Alan Luciano Ruschel -,Juventude,1066,17:46
489,5,1,1521,41,8509,1,40:00,40,Deivid Willian da Silva -,Vila Nova,1330,22:10
490,5,1,1522,36,8513,2,45:00,90,Pedro Henrique Azevedo Pereira -,Vitória,1245,20:45
491,5,1,1524,46,8525,1,34:00,34,Felipe Vieira Augusto -,Londrina,994,16:34
492,5,1,1527,50,8539,2,46:00,91,PFJuvenilson Poyer Nogueira Souza -,Ponte Preta,766,12:46
493,5,1,1528,52,8548,1,44:00,44,Fabio Deivson Lopes Maciel -,Cruzeiro,1034,17:14
494,5,1,1528,52,8549,1,41:00,41,Adriano Firmino dos Santos da Silva -,Cruzeiro,1031,17:11
495,5,2,1536,42,8590,2,42:00,87,Rafael Martins Claro dos Santos -,Guarani,1242,20:42
496,5,2,1536,40,8591,2,42:00,87,Alex da Silva -,Operário,1242,20:42
497,5,3,1542,42,8622,2,35:00,80,Julio Cesar Czarneski -,Guarani,1385,23:05
498,5,3,1542,42,8623,2,35:00,80,Daniel dos Santos Cerqueira -,Guarani,1385,23:05
499,5,3,1543,52,8626,1,46:00,46,Jadson Alves dos Santos -,Cruzeiro,1306,21:46
500,5,4,1558,45,8719,1,39:00,39,Icaro Cosmo da Rocha -,Brasil,1329,22:09
501,5,5,1563,43,8750,1,8:00,8,Helio Cezar Pinto dos Anjos -,Náutico,968,16:08
502,5,5,1564,45,8755,2,30:00,75,Gabriel Martins Terra -,Brasil,1380,23:00
503,5,5,1566,52,8767,1,30:00,30,Weverton Silva de Andrade -,Cruzeiro,1170,19:30
504,5,6,1573,52,8800,1,36:00,36,Paulo Eduardo Ferreira Godinho -,Cruzeiro,1326,22:06
505,5,6,1573,39,8801,1,36:00,36,Bruno Gomes da Silva Clevelario -,Vasco da Gama,1326,22:06
506,5,6,1579,48,8833,2,49:00,94,Diogo dos Santos Carvalho -,Remo,1399,23:19
507,5,7,1581,25,8849,2,25:00,70,TGEdimar Torquato de Souza -,Goiás,1375,22:55
508,5,7,1586,51,8877,2,30:00,75,MGEraldo Feitosa Filho -,Confiança,1230,20:30
509,5,7,1587,47,8886,1,19:00,19,Renan Bardini Bressan -,Crb,1009,16:49
510,5,8,1591,39,8910,1,5:00,5,Bruno Gomes da Silva Clevelario -,Vasco da Gama,1145,19:05
511,5,8,1598,51,8946,2,15:00,60,Sergio Antonio Borges Junior -,Confiança,1215,20:15
512,5,9,1602,42,8968,1,45:00,45,TGSilvano de Morais Silva -,Guarani,705,11:45
513,5,10,1618,36,9055,2,28:00,73,Pablo Fabricio Siles Morales -,Vitória,1228,20:28
514,5,11,1620,52,9069,2,11:00,56,Mozart Santos Batista Junior -,Cruzeiro,1061,17:41
515,5,11,1624,40,9095,2,43:00,88,Fabiano da Silva Souza -,Operário,1393,23:13
516,5,11,1628,36,9126,2,17:00,62,Thiago Kosloski -,Vitória,1367,22:47
517,5,12,1635,41,9163,2,47:00,92,Alan Sebastiao Alexandre -,Vila Nova,1337,22:17
518,5,12,1638,51,9182,2,30:00,75,Nery Ruben Bareiro Zorrilla -,Confiança,1230,20:30
519,5,12,1639,53,9191,2,36:00,81,Luiz Daniel de Carvalho Silva -,Sampaio Corrêa,1386,23:06
520,5,13,1643,43,9208,2,47:00,92,Lucas Henrique de Sousa Queiroga -,Náutico,1397,23:17
521,5,13,1646,24,9229,2,18:00,63,Natanael Moreira Milouski -,Coritiba,1218,20:18
522,5,13,1646,24,9230,2,44:00,89,Gustavo Eliseo Morinigo Vazquez -,Coritiba,1244,20:44
523,5,13,1649,52,9246,2,24:00,69,Matheus Barbosa Teixeira -,Cruzeiro,1224,20:24
524,5,14,1656,40,9278,2,27:00,72,Leandro Vilela Sales Teixeira -,Operário,1182,19:42
525,5,14,1656,40,9279,2,40:00,85,Matheus Silva Ferreira da Costa -,Operário,1195,19:55
526,5,14,1657,45,9287,2,30:00,75,Emilton Pedroso Domingues -,Brasil,1320,22:00
527,5,14,1657,22,9288,1,21:00,21,Joao Paulo Ferreira Lourenco -,Avaí,1251,20:51
528,5,14,1657,22,9289,2,24:00,69,TGAnderson Moreira de Souza -,Avaí,1314,21:54
529,5,14,1658,20,9299,2,33:00,78,Warley Leandro da Silva -,Botafogo,1083,18:03
530,5,14,1658,20,9300,2,14:00,59,Enderson Alves Moreira -,Botafogo,1064,17:44
531,5,15,1663,52,9323,2,48:00,93,Denis Yashiro Camargo Iwamura -,Cruzeiro,1398,23:18
532,5,15,1665,50,9332,2,6:00,51,Jose Cleylton de Morais dos Santos -,Ponte Preta,1161,19:21
533,5,16,1673,51,9370,2,50:00,95,Sosthenes Jose Santos Salles -,Confiança,1100,18:20
534,5,16,1673,43,9371,2,50:00,95,Carlos Eduardo da Silva Santos -,Náutico,1100,18:20
535,5,16,1678,36,9405,2,45:00,90,Marcelo Alves Santos -,Vitória,1275,21:15
536,5,16,1679,40,9412,1,4:00,4,Rafael Batista -,Operário,964,16:04
537,5,17,1681,25,9429,2,44:00,89,Adailson Freire Pereira da Silva -,Goiás,1394,23:14
538,5,17,1689,43,9481,2,40:00,85,Cleidson Andrade de Souza Silva -,Náutico,1390,23:10
539,5,18,1691,42,9491,2,50:00,95,Thales Natanael Lira de Matos -,Guarani,1250,20:50
540,5,18,1692,51,9499,2,41:00,86,Nirley da Silva Fonseca -,Confiança,1091,18:11
541,5,18,1697,43,9521,2,6:00,51,Bryan Borges Mascarenhas -,Náutico,1206,20:06
542,5,18,1698,36,9525,2,43:00,88,Pablo Fabricio Siles Morales -,Vitória,1063,17:43
543,5,18,1699,39,9530,2,21:00,66,Vanderlei Farias da Silva -,Vasco da Gama,1371,22:51
544,5,19,1705,47,9561,2,14:00,59,Pablo Dyego da Silva Rosa -,Crb,1364,22:44
545,5,20,1716,39,9612,2,47:00,92,Andrew Erik Feitosa -,Vasco da Gama,1247,20:47
546,5,20,1719,48,9628,2,37:00,82,TGJose Carlos Goncalves Junior -,Remo,1357,22:37
547,5,21,1723,43,9642,2,49:00,94,Vinicius Santos Silva -,Náutico,1069,17:49
548,5,21,1724,48,9649,2,49:00,94,Renan Gorne Silva -,Remo,1249,20:49
549,5,21,1724,45,9650,2,21:00,66,Rildo Goncalves de Amorim Filho -,Brasil,1221,20:21
550,5,21,1728,51,9672,1,32:00,32,MGEraldo Feitosa Filho -,Confiança,1052,17:32
551,5,21,1729,44,9677,2,39:00,84,Everton Jose Modesto Silva -,Csa,1359,22:39
552,6,22,1733,43,9701,1,41:00,41,Iago Angelo Dias -,Náutico,1076,17:56
553,6,22,1733,42,9702,1,45:00,45, Silvano de Morais Silva -,Guarani,1080,18:00
554,5,22,1737,49,9721,2,6:00,51,Jose Carlos dos Anjos Savio -,Brusque,1206,20:06
555,5,23,1740,46,9736,1,14:00,14,Marcelo Antonio de Oliveira -,Londrina,1004,16:44
556,5,23,1748,36,9766,2,52:00,97,Caique Luiz Santos da Purificacao -,Vitória,1252,20:52
557,5,24,1751,25,9779,2,52:00,97,Iago Pereira Mendonça -,Goiás,1252,20:52
558,5,24,1753,52,9791,2,52:00,97,Vanderlei Luxemburgo da Silva -,Cruzeiro,1252,20:52
559,5,24,1753,40,9792,2,52:00,97,Leandro Carlos Silveira Niehues -,Operário,1252,20:52
560,5,24,1753,52,9793,2,52:00,97,TGAndre Croda Borges -,Cruzeiro,1252,20:52
561,5,24,1753,52,9794,2,52:00,97,Copertino -,Cruzeiro,1252,20:52
562,5,24,1759,22,9825,2,31:00,76,Edilson Mendes Guimaraes -,Avaí,1381,23:01
563,5,24,1759,48,9826,2,20:00,65,Victor Andrade Santos -,Remo,1370,22:50
564,5,25,1766,50,9864,2,44:00,89,Fabio Pizarro Sanches -,Ponte Preta,1394,23:14
565,5,25,1766,50,9865,2,27:00,72,André Luiz Guimarães Siqueira Junior -,Ponte Preta,1377,22:57
566,5,25,1766,50,9866,2,46:00,91,TGRoberto Vlademir Guastali -,Ponte Preta,1396,23:16
567,5,26,1770,53,9894,1,46:00,46,Joecio Barbosa dos Santos -,Sampaio Corrêa,1141,19:01
568,5,26,1773,52,9912,2,40:00,85,Rafael Augusto Sobis -,Cruzeiro,1060,17:40
569,5,26,1777,39,9929,1,43:00,43,Leonardo de Matos Cruz -,Vasco da Gama,1333,22:13
570,5,26,1779,43,9943,2,45:00,90,Carlos Eduardo da Silva Santos -,Náutico,1245,20:45
571,5,27,1781,40,9955,2,33:00,78,Fabio Augusto Schirmann -,Operário,1383,23:03
572,5,27,1782,42,9962,2,49:00,94,Matheus Lima Beltrao Oliveira -,Guarani,1249,20:49
573,5,27,1785,50,9980,2,55:00,100,Gilson Kleina -,Ponte Preta,1405,23:25
574,5,27,1788,20,10000,2,24:00,69,Victor Hugo Soares dos Santos -,Botafogo,1374,22:54
575,5,27,1788,36,10001,2,37:00,82,Samuel Vanderlei da Silva -,Vitória,1387,23:07
576,5,27,1789,48,10008,2,18:00,63,Victor Andrade Santos -,Remo,1368,22:48
577,5,29,1800,54,10053,1,32:00,32,Joao Victor Andrade Caetano -,CRB,1172,19:32
578,5,29,1801,41,10061,1,42:00,42,Bruno Bairros Collaço -,Vila Nova,1182,19:42
579,5,29,1804,45,10084,2,41:00,86,Wesley Hudson da Silva -,Brasil,1061,17:41
580,5,29,1805,49,10090,1,45:00,45,Carlos Alberto de Souza Melo -,Brusque,1305,21:45
581,5,29,1805,49,10091,2,24:00,69,Ianson Acosta Soares -,Brusque,1344,22:24
582,5,29,1807,22,10101,2,33:00,78,Bruno Cesar Pereira Silva -,Avaí,1233,20:33
583,5,29,1809,53,10112,1,43:00,43,Luis Gustavo Lopes Santos -,Sampaio Corrêa,1303,21:43
584,5,29,1809,53,10113,2,32:00,77,TGCelio Jose Rossi -,Sampaio Corrêa,1352,22:32
585,5,31,1821,47,10180,1,38:00,38,Marthã Fernando Goncalves Pimenta -,Crb,1238,20:38
586,5,31,1822,42,10184,2,37:00,82,Thales Natanael Lira de Matos -,Guarani,1237,20:37
587,5,31,1822,42,10185,2,20:00,65,Bruno Savio da Silva -,Guarani,1220,20:20
588,5,31,1824,46,10197,2,28:00,73,Marcelo Antonio de Oliveira -,Londrina,1228,20:28
589,5,32,1833,48,10240,1,45:00,45,Felipe de Oliveira Conceicao -,Remo,1335,22:15
590,5,32,1833,52,10241,2,50:00,95,Vitor Benedito Leque da Silva -,Cruzeiro,1400,23:20
591,5,32,1839,53,10271,2,19:00,64,Luis Gustavo Lopes Santos -,Sampaio Corrêa,1219,20:19
592,5,33,1844,22,10295,1,28:00,28,Bruno Cesar Pereira Silva -,Avaí,988,16:28
593,5,33,1845,53,10299,2,48:00,93,Leonardo Artur de Melo -,Sampaio Corrêa,1398,23:18
594,5,33,1848,44,10314,2,21:00,66,Everton Jose Modesto Silva -,Csa,1041,17:21
595,5,34,1850,39,10320,1,25:00,25,Leonardo de Matos Cruz -,Vasco da Gama,985,16:25
596,5,34,1851,42,10327,2,6:00,51,Daniel dos Santos Cerqueira -,Guarani,1161,19:21
597,5,34,1853,43,10337,2,25:00,70,Jean Carlos Vicente -,Náutico,1060,17:40
598,5,34,1853,24,10338,2,25:00,70,Gustavo Costa da Silva Machado -,Coritiba,1060,17:40
599,5,34,1856,40,10350,2,31:00,76,Leandro Vilela Sales Teixeira -,Operário,1201,20:01
600,5,36,1875,51,10439,2,4:00,49,Jonathan Ferreira da Silva -,Confiança,1354,22:34
601,5,37,1880,48,10457,2,24:00,69,Victor Andrade Santos -,Remo,1224,20:24
602,5,37,1882,25,10475,2,38:00,83,Nicolas Godinho Johann -,Goiás,1298,21:38
603,5,37,1883,22,10481,2,42:00,87,Iury de Oliveira Nascimento -,Avaí,1242,20:42
604,5,37,1884,20,10487,2,14:00,59,Gustavo Bonatto Barreto -,Botafogo,1034,17:14
605,5,37,1885,36,10492,2,47:00,92,Joao Pedro Mendes Santos -,Vitória,1187,19:47
606,5,37,1888,51,10509,2,39:00,84,Sosthenes Jose Santos Salles -,Confiança,1089,18:09
607,5,38,1890,42,10517,1,36:00,36,Bruno Aparecido Reis Ezequiel -,Guarani,996,16:36
608,5,38,1897,53,10553,2,36:00,81,Watson Rennio Pires dos Santos Silva -,Sampaio Corrêa,1056,17:36
609,7,1,1907,26,10607,2,45:00,90,Wagner Leonardo Calvelo de Souza -,Cruzeiro Saf,1395,23:15
610,7,2,1912,43,10633,2,25:00,70,Djavan Aulim Candido de Souza -,Náutico,1375,22:55
611,7,2,1912,12,10634,1,12:00,12,Douglas do Espirito Santo Torres -,Bahia,1302,21:42
612,7,2,1915,50,10646,2,14:00,59,TGLauro Junior Batista da Cruz -,Ponte Preta,734,12:14
613,7,2,1915,50,10647,2,48:00,93,Moises Ribeiro Santos -,Ponte Preta,768,12:48
614,7,3,1921,12,10675,2,46:00,91,Andre Dhominique Queiroz Santiago da Silva -,Bahia,1246,20:46
615,7,3,1924,41,10686,1,32:00,32,Georgemy Goncalves -,Vila Nova,1172,19:32
616,7,3,1928,26,10703,2,48:00,93,PFGonzalo Danilo Alvarez Menoni -,Cruzeiro Saf,1248,20:48
617,7,4,1934,55,10740,1,42:00,42,Daniel de Oliveira Sertanejo -,Novorizontino,1182,19:42
618,7,5,1942,43,10776,1,43:00,43,Leandro Carvalho da Silva -,Náutico,1333,22:13
619,7,5,1943,37,10784,2,25:00,70,Tiago Marques Rezende -,Criciúma,745,12:25
620,7,5,1945,46,10803,2,12:00,57,Watson Rennio Pires dos Santos Silva -,Londrina,1212,20:12
621,7,5,1946,11,10806,2,46:00,91,Nicolas Vichiatto da Silva -,Grêmio,1096,18:16
622,7,6,1956,39,10856,2,44:00,89,Bruno dos Santos Nazario -,Vasco da Gama,1244,20:44
623,7,7,1961,40,10886,1,38:00,38,Andre da Silva Lima -,Operário,1268,21:08
624,7,8,1972,44,10944,2,44:00,89,Denis Yashiro Camargo Iwamura -,Csa,1394,23:14
625,7,8,1973,49,10949,2,46:00,91,MGWillian Jair Santos -,Brusque,1246,20:46
626,7,8,1975,57,10963,2,46:00,91,Calyson Rubens Santiago Rosa -,Ituano,766,12:46
627,7,8,1975,40,10964,2,44:00,89,PFLuiz Fernando de Andrade Teixeira -,Operário,764,12:44
628,7,8,1978,53,10976,1,25:00,25,Lucas Araujo de Oliveira -,Sampaio Corrêa,685,11:25
629,7,9,1983,37,11006,1,25:00,25,Leonardo de Oliveira Costa -,Criciúma,1315,21:55
630,7,10,1997,12,11091,1,45:00,45,Ignacio da Silva Oliveira -,Bahia,1035,17:15
631,7,11,2000,42,11105,2,15:00,60,Diogo Mateus de Almeida Rodrigues Maciel -,Guarani,1275,21:15
632,7,11,2005,46,11132,1,46:00,46,Jhonny Lucas Flora Barboza -,Londrina,1186,19:46
633,7,11,2007,9,11149,2,48:00,93,Carlos Eduardo Soares Mota -,Sport,1398,23:18
634,7,11,2008,47,11153,2,32:00,77,Wellington Carvalho dos Santos -,Crb,1232,20:32
635,7,12,2010,50,11168,1,44:00,44,Helio Cezar Pinto dos Anjos -,Ponte Preta,1034,17:14
636,7,12,2010,50,11169,1,29:00,29,Bernardo de Paulo Silva -,Ponte Preta,1019,16:59
637,7,12,2010,46,11170,1,46:00,46,Gabriel dos Santos Francisco -,Londrina,1036,17:16
638,7,12,2010,50,11171,2,28:00,73,Thiago Oliveira Lopes -,Ponte Preta,1078,17:58
639,7,12,2010,46,11172,1,44:00,44,TGEdson Luiz da Silva -,Londrina,1034,17:14
640,7,12,2012,11,11184,2,50:00,95,Walter Kannemann -,Grêmio,1310,21:50
641,7,12,2013,49,11193,2,18:00,63,Gerson Rodolfo da Silva -,Brusque,738,12:18
642,7,12,2017,43,11206,2,52:00,97,Wellington da Silva Pinto -,Náutico,1252,20:52
643,7,13,2023,37,11230,1,46:00,46,Rayan Poltronieri Pereira -,Criciúma,1186,19:46
644,7,13,2024,55,11241,1,48:00,48,Gustavo Costa da Silva Machado -,Novorizontino,1008,16:48
645,7,13,2024,55,11242,2,38:00,83,Leonardo Lima dos Santos -,Novorizontino,1058,17:38
646,7,13,2027,16,11259,1,8:00,8,Pedro Henrique Perotti -,Chapecoense,1148,19:08
647,7,13,2027,12,11260,2,20:00,65,Patrick de Lucca Chaves de Oliveira -,Bahia,1220,20:20
648,8,13,2028,50,11263,2,46:00,91,Caique Franca Godoy -,Ponte Preta,1066,17:46
649,7,14,2033,41,11293,1,30:00,30,Luiz Eduardo Barros Cavalcanti -,Vila Nova,690,11:30
650,7,14,2034,57,11299,2,16:00,61,Lucas Vinicius Dias Costa -,Ituano,1216,20:16
651,7,14,2034,26,11300,1,25:00,25,FTEduester Lopes Rodrigues -,Cruzeiro Saf,1165,19:25
652,7,14,2038,43,11320,2,52:00,97,Victor Ferraz Macedo -,Náutico,772,12:52
653,7,14,2038,43,11321,2,8:00,53,Lucas Estella Perri -,Náutico,728,12:08
654,7,14,2038,43,11322,2,52:00,97,TGMarcos Antonio Leme -,Náutico,772,12:52
655,7,15,2042,43,11351,2,18:00,63,Joao Paulo Silveira dos Santos -,Náutico,1218,20:18
656,7,15,2044,39,11366,2,31:00,76,Anderson Conceição Benedito -,Vasco da Gama,1381,23:01
657,7,15,2045,16,11373,2,10:00,55,Pedro Henrique Perotti -,Chapecoense,1270,21:10
658,7,17,2061,50,11438,2,16:00,61,Wesley Fraga -,Ponte Preta,1216,20:16
659,7,19,2081,26,11530,1,44:00,44,Paulo Cesar Pezzolano Suarez -,Cruzeiro Saf,1184,19:44
660,7,20,2093,44,11587,1,29:00,29,Wellington Ferreira Nascimento -,Csa,1169,19:29
661,7,20,2097,9,11606,2,29:00,74,Fabio Augusto Schirmann -,Sport,1379,22:59
662,7,20,2098,26,11612,2,18:00,63,Eduardo Schroeder Brock -,Cruzeiro Saf,1038,17:18
663,7,21,2101,57,11630,2,27:00,72,Calyson Rubens Santiago Rosa -,Ituano,1317,21:57
664,7,21,2104,41,11650,2,35:00,80,Alex da Silva -,Vila Nova,1205,20:05
665,7,21,2109,11,11670,1,31:00,31,Joao Paulo de Souza Mares -,Grêmio,1141,19:01
666,7,22,2111,47,11679,2,36:00,81,Daniel dos Santos Cerqueira -,Crb,1386,23:06
667,7,22,2113,53,11693,2,5:00,50,PFDiego Kami Mura -,Sampaio Corrêa,1205,20:05
668,7,22,2116,39,11713,2,42:00,87,Anderson Luis de Carvalho -,Vasco da Gama,1062,17:42
669,7,22,2116,39,11714,2,43:00,88,PFDaniel Guimaraes Felix da Silva -,Vasco da Gama,1063,17:43
670,7,23,2121,44,11738,2,44:00,89,Marcelo Henrique Passos Carne -,Csa,1334,22:14
671,7,23,2122,47,11744,2,24:00,69,Anselmo Ramon Alves Herculano -,Crb,1224,20:24
672,7,23,2126,40,11759,2,36:00,81,Thales Natanael Lira de Matos -,Operário,1236,20:36
673,7,24,2131,47,11779,1,33:00,33,PFRodolfo Jesus de Oliveira -,Crb,1263,21:03
674,7,24,2131,47,11780,1,22:00,22,Guilherme Kennedy Romao -,Crb,1252,20:52
675,7,24,2132,44,11784,1,34:00,34,Joao Paulo Ferreira Lourenco -,Csa,994,16:34
676,7,24,2133,49,11788,2,40:00,85,Luan Carlos Neto -,Brusque,1390,23:10
677,7,24,2136,56,11803,2,49:00,94,Paulo de Souza Junior -,Tombense,769,12:49
678,7,24,2137,12,11807,2,31:00,76,Vinicius Jose Ignacio -,Bahia,1381,23:01
679,7,24,2137,57,11808,2,31:00,76,Jorge Andres Roa Jimenez -,Ituano,1381,23:01
680,7,25,2140,42,11824,2,37:00,82,Richard Rios Montoya -,Guarani,757,12:37
681,7,25,2146,26,11846,2,25:00,70,Paulo Cesar Pezzolano Suarez -,Cruzeiro Saf,1045,17:25
682,7,25,2149,49,11862,2,49:00,94,Gerson Rodolfo da Silva -,Brusque,1099,18:19
683,7,26,2152,9,11880,2,51:00,96,TGJorcey Anisio Garcia Santos -,Sport,1401,23:21
684,7,26,2152,9,11881,2,40:00,85,Pedro Henrique Naressi Machado -,Sport,1390,23:10
685,7,26,2153,46,11888,2,3:00,48,Joao Paulo da Silva -,Londrina,1203,20:03
686,7,26,2154,55,11897,2,47:00,92,Jose Walber Mota de Amorim -,Novorizontino,1397,23:17
687,7,26,2154,55,11898,2,47:00,92,TGCarlos Eduardo Moreira -,Novorizontino,1397,23:17
688,7,26,2158,43,11916,2,27:00,72,Joao Paulo Silveira dos Santos -,Náutico,1377,22:57
689,7,27,2167,53,11959,2,48:00,93,TGCelio Jose Rossi -,Sampaio Corrêa,1248,20:48
690,7,28,2175,40,11997,2,49:00,94,Felipe Garcia Goncalves -,Operário,1339,22:19
691,7,28,2178,26,12009,2,40:00,85,Rafael da Silva -,Cruzeiro Saf,1060,17:40
692,7,29,2181,44,12029,2,11:00,56,Diego Renan de Lima Ferreira -,Csa,1031,17:11
693,7,29,2182,49,12037,2,49:00,94,Diego Jardel Koester -,Brusque,1399,23:19
694,7,30,2195,42,12101,2,51:00,96,Giovanni Augusto Oliveira Cardoso -,Guarani,1251,20:51
695,7,30,2199,44,12117,1,39:00,39,Marcelo Henrique Passos Carne -,Csa,699,11:39
696,7,30,2199,44,12118,2,50:00,95,Rickson Barbosa Sa da Conceicao -,Csa,770,12:50
697,7,30,2199,16,12119,2,50:00,95,Jonathan Luiz Moreira Rosa Junior -,Chapecoense,770,12:50
698,7,31,2205,46,12145,1,49:00,49,Leandro Henrique do Nascimento -,Londrina,1339,22:19
699,7,31,2207,12,12153,2,50:00,95,Hugo Rodallega Martinez -,Bahia,1205,20:05
700,7,31,2209,41,12163,2,43:00,88,Lucas Baptista Felix -,Vila Nova,1393,23:13
701,7,32,2219,12,12204,2,42:00,87,Everton Macedo Moraes -,Bahia,1392,23:12
702,7,33,2220,46,12209,1,32:00,32,Mauricio Caprini Pinto -,Londrina,1232,20:32
703,7,33,2220,42,12210,1,46:00,46,Richard Rios Montoya -,Guarani,1246,20:46
704,7,33,2223,9,12231,1,45:00,45,Sander Henrique Bortolotto -,Sport,1185,19:45
705,7,33,2223,49,12232,1,45:00,45,Fernando Jose Marques Maciel -,Brusque,1185,19:45
706,7,33,2224,12,12239,2,46:00,91,Emerson Gustavo Pinto dos Santos -,Bahia,1396,23:16
707,7,33,2228,26,12252,2,40:00,85,Luiz Filipe da Rosa Machado -,Cruzeiro Saf,1390,23:10
708,7,34,2233,43,12280,2,25:00,70,Jobson Souza Santos -,Náutico,1225,20:25
709,7,34,2239,16,12308,2,1:00,46,Gildson Pablo de Oliveira Silva -,Chapecoense,721,12:01
710,7,34,2239,16,12309,2,48:00,93,TGCezar Augusto Capelari -,Chapecoense,768,12:48
711,7,35,2241,44,12318,2,39:00,84,John Anthony Mercado Cuero -,Csa,1239,20:39
712,7,35,2242,27,12322,2,50:00,95,Luiz Henrique Araujo Silva -,Vasco da Gama S.a.f.,1070,17:50
713,7,35,2242,27,12323,2,50:00,95,Raniel Santana de Vasconcelos -,Vasco da Gama S.a.f.,1070,17:50
714,7,36,2250,50,12359,2,14:00,59,Leonardo Naldi de Matos -,Ponte Preta,1364,22:44
715,7,36,2252,43,12369,2,6:00,51,Geuvanio Santos da Silva Lima -,Náutico,1026,17:06
716,7,36,2258,26,12405,2,12:00,57,Eduardo Nascimento da Silva Junior -,Cruzeiro Saf,1362,22:42
717,7,36,2258,26,12406,1,36:00,36,Luiz Filipe da Rosa Machado -,Cruzeiro Saf,1326,22:06
718,7,37,2263,49,12432,2,41:00,86,Christofoly Acioly da Silva -,Brusque,1241,20:41
719,7,38,2271,47,12474,2,32:00,77,Anselmo Ramon Alves Herculano -,Crb,1202,20:02
720,7,38,2271,47,12475,2,15:00,60,Diego Ivo Pires -,Crb,1185,19:45
721,7,38,2274,57,12490,1,3:00,3,Lucas Vinicius Dias Costa -,Ituano,1113,18:33
722,7,38,2274,27,12491,2,12:00,57,Andrey Nascimento dos Santos -,Vasco da Gama S.a.f.,1182,19:42
723,7,38,2279,9,12513,2,43:00,88,Vagner Silva de Souza -,Sport,1213,20:13
724,7,38,2279,9,12514,2,14:00,59,Fabio Goncalves -,Sport,1184,19:44
725,7,38,2279,9,12515,2,35:00,80,Ronaldo Henrique Ferreira da Silva -,Sport,1205,20:05
726,7,38,2279,9,12516,2,37:00,82,Gustavo Coutinho Silva Lopes -,Sport,1207,20:07
727,7,38,2279,9,12517,2,36:00,81,Denner Fernando Melz -,Sport,1206,20:06
728,7,38,2279,9,12518,2,43:00,88,Luciano Batista da Silva Junior -,Sport,1213,20:13
729,9,1,2281,55,12529,1,20:00,20,Reverson Valuarth Paiva Silva -,Novorizontino,980,16:20
730,9,1,2281,55,12530,2,49:00,94,MGAndre Baesso Rodrigues -,Novorizontino,1069,17:49
731,9,2,2291,3,12580,2,18:00,63,Emerson Raymundo Santos -,Atlético,1068,17:48
732,9,2,2292,59,12590,2,28:00,73,Thalisson Kelven da Silva -,Mirassol,1048,17:28
733,9,2,2292,22,12591,2,57:00,102,João Vitor Xavier de Almeida -,Avaí,1077,17:57
734,9,2,2294,55,12608,2,45:00,90,Roberto Heuchayer Santos de Araujo -,Novorizontino,1125,18:45
735,9,2,2296,10,12618,2,43:00,88,Tiago Pagnussat -,Ceará,1198,19:58
736,9,2,2298,57,12628,2,49:00,94,MDAlexandre Goncalves Santoro -,Ituano,769,12:49
737,9,2,2299,60,12632,1,46:00,46,Felipe Garcia Goncalves -,Abc,1126,18:46
738,9,3,2302,22,12658,1,42:00,42,Rafael Gustavo Meneghel Gava -,Avaí,1182,19:42
739,9,3,2303,47,12663,2,10:00,55,Lucas de Oliveira Teodoro Falcao -,Crb,1090,18:10
740,9,3,2307,50,12687,2,53:00,98,Jose Luiz Sant'ana -,Ponte Preta,1133,18:53
741,9,4,2319,53,12753,2,19:00,64,TGCelio Jose Rossi -,Sampaio Corrêa,1219,20:19
742,9,5,2321,3,12767,1,17:00,17,Airton Moises Santos Sousa -,Atlético,1217,20:17
743,9,5,2326,19,12792,2,47:00,92,Emerson Gustavo Pinto dos Santos -,Juventude,1202,20:02
744,9,5,2326,53,12793,1,45:00,45,Venicius dos Santos Cascais -,Sampaio Corrêa,1140,19:00
745,9,5,2328,56,12810,2,14:00,59,Joao Pedro Mendes Santos -,Tombense,1169,19:29
746,9,5,2328,22,12811,2,37:00,82,Victor Julio Alves de Paula -,Avaí,1192,19:52
747,9,6,2331,37,12831,1,48:00,48,Eder Citadin Martins -,Criciúma,1188,19:48
748,9,6,2331,37,12832,2,32:00,77,Rodrigo Fagundes de Freitas -,Criciúma,1232,20:32
749,9,6,2332,22,12840,1,3:00,3,Felipe Florencio da Silva -,Avaí,1293,21:33
750,9,6,2338,50,12876,2,1:00,46,Antonio Feliphe Costa Silva -,Ponte Preta,991,16:31
751,9,7,2349,47,12917,2,19:00,64,Guilherme Kennedy Romao -,Crb,1174,19:34
752,9,7,2349,47,12918,1,16:00,16,Lucas Eduardo Lima da Silva -,Crb,1111,18:31
753,9,8,2352,9,12939,2,28:00,73,Luis Fernando Rosa Flores -,Sport,1378,22:58
754,9,9,2364,37,13004,2,51:00,96,Claudio Coelho Salvatico -,Criciúma,1041,17:21
755,9,9,2368,56,13024,2,46:00,91,Marcelo Augusto Oliveira Chamusca -,Tombense,1201,20:01
756,9,10,2376,10,13073,2,54:00,99,Caique de Jesus Goncalves -,Ceará,1254,20:54
757,9,10,2377,22,13085,2,52:00,97,TGMarcos Vicente dos Santos -,Avaí,1072,17:52
758,9,11,2384,42,13121,2,35:00,80,Alan Santos da Silva -,Guarani,1235,20:35
759,9,11,2386,53,13135,2,22:00,67,Marcio Fernandes Figueiredo -,Sampaio Corrêa,1222,20:22
760,9,11,2386,46,13136,2,25:00,70,Paulo Roberto Moccelin -,Londrina,1225,20:25
761,9,11,2387,16,13146,2,27:00,72,Gildson Pablo de Oliveira Silva -,Chapecoense,1227,20:27
762,9,11,2388,56,13152,2,5:00,50,Roger de Carvalho -,Tombense,1205,20:05
763,9,12,2390,50,13158,1,48:00,48,Fabio Pizarro Sanches -,Ponte Preta,708,11:48
764,9,13,2404,59,13234,2,23:00,68,Fernando Jose Marques Maciel -,Mirassol,743,12:23
765,9,13,2405,19,13238,2,13:00,58,Jadson Alves dos Santos -,Juventude,1363,22:43
766,9,13,2406,53,13245,1,48:00,48,MGMarcos Riccelli Costa Mendes -,Sampaio Corrêa,978,16:18
767,9,14,2410,42,13267,2,44:00,89,Matheus Bueno Batista -,Guarani,1394,23:14
768,9,14,2411,56,13277,1,4:00,4,Bruno Cesar Pereira Silva -,Tombense,1294,21:34
769,9,14,2416,22,13305,2,28:00,73,Natanael Batista Pimenta -,Avaí,1228,20:28
770,9,14,2419,60,13329,2,2:00,47,Anderson Luiz Valinas dos Santos -,Abc,1202,20:02
771,9,14,2419,60,13330,2,49:00,94,Felipe Garcia Goncalves -,Abc,1249,20:49
772,9,14,2419,3,13331,2,31:00,76,Diego Terra Loureiro -,Atlético,1231,20:31
773,9,15,2428,16,13380,2,39:00,84,Rodrigo dos Santos de Freitas -,Chapecoense,1389,23:09
774,9,15,2429,47,13388,2,41:00,86,Auremir Evangelista dos Santos -,Crb,1196,19:56
775,9,16,2430,46,13394,2,40:00,85,Gustavo Salomao Miguel -,Londrina,760,12:40
776,9,16,2432,50,13410,2,42:00,87,Fabio Pizarro Sanches -,Ponte Preta,1122,18:42
777,9,16,2432,22,13411,1,5:00,5,Alexander Silva de Lucena -,Avaí,1025,17:05
778,9,16,2432,22,13412,2,15:00,60,Lucas Baptista Felix -,Avaí,1095,18:15
779,9,16,2438,53,13441,2,49:00,94,Leandro Ferreira Pessoa -,Sampaio Corrêa,1189,19:49
780,9,16,2439,37,13445,1,18:00,18,Walisson Moreira Farias Maia -,Criciúma,948,15:48
781,9,17,2441,9,13451,2,33:00,78,Helber Italo dos Santos -,Sport,1383,23:03
782,9,17,2446,57,13489,2,20:00,65,Rafael dos Santos Carvalheira Natividade -,Ituano,1370,22:50
783,9,17,2447,60,13496,2,47:00,92,Richardson Jussier Medeiros Cabral -,Abc,767,12:47
784,9,18,2453,37,13526,2,23:00,68,Fabio Augusto Luciano da Silva -,Criciúma,1283,21:23
785,9,18,2457,16,13551,2,51:00,96,Gustavo Cazonatti -,Chapecoense,1251,20:51
786,9,19,2469,50,13617,2,13:00,58,Mateus Ferreira da Silva -,Ponte Preta,1213,20:13
787,9,20,2470,50,13624,1,15:00,15,Matheus Sousa de Jesus -,Ponte Preta,1095,18:15
788,9,20,2471,53,13630,2,52:00,97,Emerson Oliveira de Almeida -,Sampaio Corrêa,1192,19:52
789,9,20,2475,47,13648,2,14:00,59,Anderson Conceição Benedito -,Crb,1364,22:44
790,9,20,2477,59,13660,2,53:00,98,Julimar Silva Oliveira Junior -,Mirassol,773,12:53
791,9,21,2480,10,13679,2,46:00,91,Luiz Otavio Anacleto Leandro -,Ceará,1396,23:16
792,9,21,2487,55,13718,1,43:00,43,Renato Palm da Silveira -,Novorizontino,1333,22:13
793,9,21,2487,55,13719,2,50:00,95,Luiz Gabriel de Oliveira Fonseca -,Novorizontino,1400,23:20
794,9,21,2487,55,13720,1,45:00,45,PFFabio Rogerio Jacobasso Silva -,Novorizontino,1335,22:15
795,9,21,2488,16,13726,2,50:00,95,Gabriel Augusto Xavier -,Chapecoense,1400,23:20
796,9,21,2489,3,13730,2,18:00,63,Gabriel Baralhas dos Santos -,Atlético,1368,22:48
797,9,22,2497,19,13772,2,12:00,57,Thiago Carpini Barbosa -,Juventude,1152,19:12
798,9,23,2502,46,13796,2,12:00,57,Ezequiel Jacinto de Biasi -,Londrina,1002,16:42
799,9,23,2504,55,13805,1,27:00,27,Jenison de Jesus Brito E Brito -,Novorizontino,1167,19:27
800,9,23,2504,59,13806,1,36:00,36,Jose Roberto Assunçao de Araujo Filho -,Mirassol,1176,19:36
801,9,23,2504,55,13807,1,31:00,31,Eduardo Alexandre Baptista -,Novorizontino,1171,19:31
802,9,23,2505,36,13817,2,51:00,96,Wellington Silva Sanches Aguiar -,Vitória,1191,19:51
803,9,23,2505,36,13818,2,50:00,95,Jhonny Lucas Flora Barboza -,Vitória,1190,19:50
804,9,24,2516,50,13872,2,49:00,94,Artur Sergio Batista de Souza -,Ponte Preta,1189,19:49
805,9,24,2517,53,13878,1,30:00,30,Rafael da Cunha Jensen -,Sampaio Corrêa,1110,18:30
806,9,24,2517,53,13879,1,33:00,33,TGCelio Jose Rossi -,Sampaio Corrêa,1113,18:33
807,9,25,2521,36,13905,1,24:00,24,Cleidson Andrade de Souza Silva -,Vitória,1104,18:24
808,9,26,2530,42,13957,2,52:00,97,Ben-hur Moreira Peres -,Guarani,1192,19:52
809,9,26,2532,22,13976,2,51:00,96,Felipe Mercier de Lucena -,Avaí,1041,17:21
810,9,26,2532,22,13977,2,14:00,59,Denilson Pereira Junior -,Avaí,1004,16:44
811,9,26,2539,60,14029,2,50:00,95,Alex da Silva -,Abc,1130,18:50
812,9,26,2539,60,14030,2,48:00,93,Wallace Madeira Almeida -,Abc,1128,18:48
813,9,28,2555,36,14107,1,17:00,17,Renato de Cassio Negrao -,Vitória,1097,18:17
814,9,28,2559,60,14132,2,47:00,92,Glebson Robson Barroso de Lira -,Abc,1397,23:17
815,9,29,2560,50,14136,2,24:00,69,Jeferson Marinho dos Santos -,Ponte Preta,1224,20:24
816,9,29,2562,22,14148,2,5:00,50,Jael Ferreira Vieira -,Avaí,1175,19:35
817,9,29,2562,22,14149,2,36:00,81,Igor Inocencio de Oliveira -,Avaí,1206,20:06
818,9,29,2569,47,14191,2,40:00,85,Daniel Pollo Barion -,Crb,1120,18:40
819,9,30,2572,22,14208,2,49:00,94,Felipe Jose Almeida da Rocha -,Avaí,1249,20:49
820,9,30,2573,57,14211,2,23:00,68,Marcel Philipe Afonso Genestra Scalese -,Ituano,1103,18:23
821,9,32,2592,37,14313,2,22:00,67,Rayan Poltronieri Pereira -,Criciúma,1372,22:52
822,9,32,2594,55,14325,2,31:00,76,Georgemy Goncalves -,Novorizontino,1111,18:31
823,9,32,2595,42,14330,1,26:00,26,Matheus Bueno Batista -,Guarani,1106,18:26
824,9,32,2596,53,14338,2,10:00,55,Mateus Cardoso Francisco -,Sampaio Corrêa,1180,19:40
825,9,33,2602,10,14374,2,50:00,95,David Ricardo Loiola da Silva -,Ceará,1190,19:50
826,9,34,2610,42,14413,1,34:00,34,Lucas Cavalcante Silva Afonso -,Guarani,1324,22:04
827,9,34,2611,3,14419,2,19:00,64,Bruno Nunes de Barros -,Atlético,1219,20:19
828,9,34,2611,41,14420,2,36:00,81,Luciano Francisco Paulino -,Vila Nova,1236,20:36
829,9,34,2616,9,14451,2,21:00,66,Ronaldo Henrique Ferreira da Silva -,Sport,1221,20:21
830,9,34,2618,47,14459,2,25:00,70,Anselmo Ramon Alves Herculano -,Crb,1195,19:55
831,9,35,2626,53,14507,1,39:00,39,Erinaldo Santos Rabelo -,Sampaio Corrêa,1209,20:09
832,9,35,2627,57,14515,1,42:00,42,Claudio de Souza -,Ituano,1332,22:12
833,9,35,2627,57,14516,1,42:00,42,MDAlexandre Goncalves Santoro -,Ituano,1332,22:12
834,9,35,2628,42,14521,2,49:00,94,Alan Santos da Silva -,Guarani,1399,23:19
835,9,35,2628,46,14522,2,37:00,82,Paulo Roberto Moccelin -,Londrina,1387,23:07
836,9,35,2628,46,14523,1,45:00,45,TGEdson Luiz da Silva -,Londrina,1335,22:15
837,9,36,2632,47,14548,1,23:00,23,Daniel dos Santos Cerqueira -,Crb,1043,17:23
838,9,36,2635,9,14560,2,48:00,93,TGJorcey Anisio Garcia Santos -,Sport,1398,23:18
839,9,36,2636,59,14565,2,49:00,94,Rodrigo Eduardo da Silva -,Mirassol,1054,17:34
840,9,36,2639,19,14579,1,12:00,12,Jadson Alves dos Santos -,Juventude,1302,21:42
841,9,36,2639,60,14580,2,31:00,76,Jhonnathan Espedito Coco Wagner -,Abc,1381,23:01
842,9,37,2641,10,14595,2,36:00,81,Bruno Ferreira Ventura Diniz -,Ceará,1116,18:36
843,9,37,2643,16,14605,2,40:00,85,Cristiano da Silva Leite -,Chapecoense,1240,20:40
844,9,37,2646,22,14622,2,19:00,64,Felipe Mercier de Lucena -,Avaí,1279,21:19
845,9,37,2646,22,14623,1,8:00,8,Jonathan Aparecido de Oliveira da Costa -,Avaí,1208,20:08
846,9,38,2650,47,14643,1,12:00,12,Fabio Augusto Schirmann -,Crb,1032,17:12
847,9,38,2651,42,14646,1,47:00,47,João Victor Lima Ferreira -,Guarani,1067,17:47
848,9,38,2651,42,14647,1,34:00,34,Iago Teles da Silva -,Guarani,1054,17:34
849,9,38,2651,3,14648,1,47:00,47,Alix Vinicius de Souza Sampaio -,Atlético,1067,17:47
850,9,38,2656,19,14672,2,15:00,60,Luiz Gustavo Tavares Conde -,Juventude,1095,18:15
851,9,38,2657,16,14681,2,24:00,69,Gustavo Cazonatti -,Chapecoense,1104,18:24
852,10,2,2671,16,14761,1,7:00,7,João Pedro Galvão de Carvalho -,Chapecoense,1267,21:07
853,10,2,2672,10,14772,2,50:00,95,Matheus Felipe Santos Nascimento -,Ceará,1280,21:20
854,10,2,2674,61,14780,1,39:00,39,Wagner da Silva Souza -,Gremio Novorizontino - Saf,1119,18:39
855,10,2,2676,63,14789,2,3:00,48,Fabiano da Silva Souza -,Amazonas Fc,1083,18:03
856,10,2,2678,62,14801,2,6:00,51,Bryan Borges Mascarenhas -,Paysandu,1086,18:06
857,10,3,2683,57,14823,1,42:00,42,Claudio de Souza -,Ituano,1302,21:42
858,10,3,2683,57,14824,2,22:00,67,Marcel Philipe Afonso Genestra Scalese -,Ituano,1342,22:22
859,10,3,2688,62,14854,2,10:00,55,Yeferson Agustin Quintana Alonso -,Paysandu,1210,20:10
860,10,4,2693,10,14884,2,36:00,81,Joao Paulo Ferreira Lourenco -,Ceará,1236,20:36
861,10,4,2697,40,14914,2,48:00,93,Fagner Ironi Daponte -,Operário,1128,18:48
862,10,4,2699,49,14921,2,45:00,90,Paulo de Souza Junior -,Brusque,1125,18:45
863,10,5,2708,62,14966,1,45:00,45,Edilson Jose da Silva Junior -,Paysandu,1335,22:15
864,10,5,2708,25,14967,2,25:00,70,Rafael Gustavo Meneghel Gava -,Goiás,1375,22:55
865,10,5,2708,62,14968,2,47:00,92,Valdemir de Oliveira Soares -,Paysandu,1397,23:17
866,10,5,2709,10,14976,2,53:00,98,Saulo Rodrigues da Silva -,Ceará,1403,23:23
867,10,6,2715,50,14997,2,18:00,63,Wellison Matheus Rodrigues Regis -,Ponte Preta,1098,18:18
868,10,6,2718,62,15021,2,49:00,94,Crystopher Ribeiro Oliveira -,Paysandu,1159,19:19
869,10,6,2718,63,15022,2,49:00,94,Matheus dos Santos Miranda -,Amazonas Fc,1159,19:19
870,10,6,2719,9,15028,1,32:00,32,Alan Nahuel Ruiz -,Sport,1292,21:32
871,10,6,2719,9,15029,2,18:00,63,Jose Roberto Assunçao de Araujo Filho -,Sport,1338,22:18
872,10,7,2720,49,15036,2,17:00,62,Luiz Henrique dos Santos Junior -,Brusque,1097,18:17
873,10,7,2723,50,15049,2,48:00,93,Vinicius Rodrigues Adelino dos Santos -,Ponte Preta,1068,17:48
874,10,7,2725,22,15062,2,44:00,89,Gustavo Vilar dos Santos -,Avaí,1394,23:14
875,10,8,2733,57,15111,2,29:00,74,Marcel Philipe Afonso Genestra Scalese -,Ituano,1199,19:59
876,10,8,2736,49,15129,1,15:00,15,Alexandre Cizeski da Luz -,Brusque,1035,17:15
877,10,9,2741,40,15164,2,40:00,85,Jose Gervasio dos Santos Neto -,Operário,1120,18:40
878,10,9,2741,42,15165,2,46:00,91,Leonardo Rodrigues dos Santos -,Guarani,1126,18:46
879,10,9,2742,59,15171,1,30:00,30,Fernando Jose Marques Maciel -,Mirassol,1170,19:30
880,10,9,2742,59,15172,2,24:00,69,Guilherme Augusto Alves Dellatorre -,Mirassol,1224,20:24
881,10,9,2746,47,15192,2,34:00,79,Saimon Pains Tormen -,Crb,1324,22:04
882,10,10,2751,61,15228,1,22:00,22,Patrick Marcos de Sousa Freitas -,Gremio Novorizontino - Saf,1042,17:22
883,10,10,2754,47,15248,2,20:00,65,Gustavo Henrique Santos -,Crb,1010,16:50
884,10,10,2755,22,15262,2,49:00,94,William de Oliveira Pottker -,Avaí,1369,22:49
885,10,10,2757,40,15277,2,54:00,99,TGDouglas Luisi Dutra -,Operário,1254,20:54
886,10,10,2758,16,15284,2,31:00,76,Giovanni Augusto Oliveira Cardoso -,Chapecoense,1351,22:31
887,10,11,2764,25,15320,2,50:00,95,Lucas Ribeiro dos Santos -,Goiás,1250,20:50
888,10,11,2765,16,15329,2,27:00,72,TGWilliam Jose de Castro -,Chapecoense,1347,22:27
889,10,11,2766,22,15335,2,28:00,73,Ronaldo Henrique Ferreira da Silva -,Avaí,1378,22:58
890,10,12,2771,10,15369,2,36:00,81,PFLucas Vinicius O. do Nascimento -,Ceará,1356,22:36
891,10,12,2774,31,15390,1,43:00,43,Moises Lima Magalhaes -,America Saf,1183,19:43
892,10,12,2779,61,15415,2,28:00,73,Luis Fellipe Campos Doria -,Gremio Novorizontino - Saf,1228,20:28
893,10,12,2779,9,15416,2,50:00,95,Francisco Alves da Silva Neto -,Sport,1250,20:50
894,10,13,2780,31,15420,2,28:00,73,TGEduardo Choynowski Melgarejo -,America Saf,1198,19:58
895,10,13,2781,42,15432,2,26:00,71,João Victor Lima Ferreira -,Guarani,1196,19:56
896,10,13,2783,61,15447,2,47:00,92,Paulo Vitor Fernandes Pereira -,Gremio Novorizontino - Saf,1307,21:47
897,10,14,2791,42,15488,1,32:00,32,Yan Henrique Rodrigues da Silva -,Guarani,1142,19:02
898,10,14,2793,57,15497,2,35:00,80,Jose Aldo Soares de Oliveira Filho -,Ituano,1055,17:35
899,10,14,2799,13,15525,2,16:00,61,Rodrigo Ferreira da Silva -,Santos,1216,20:16
900,10,15,2801,59,15538,1,41:00,41,Fernando Jose Marques Maciel -,Mirassol,1181,19:41
901,10,15,2805,49,15555,2,14:00,59,Lucas Baptista Felix -,Brusque,1184,19:44
902,10,15,2806,28,15563,2,16:00,61,Matheus Henrique Frizzo -,Coritiba S.a.f.,1156,19:16
903,10,16,2810,41,15581,2,31:00,76,Henrique Almeida Caixeta Nascentes -,Vila Nova,1291,21:31
904,10,16,2811,25,15593,1,3:00,3,Rildo Goncalves de Amorim Filho -,Goiás,963,16:03
905,10,16,2811,25,15594,2,44:00,89,Joao Roberto Sauthier da Fonseca -,Goiás,1064,17:44
906,10,16,2813,61,15606,2,11:00,56,Renato Palm da Silveira -,Gremio Novorizontino - Saf,1331,22:11
907,10,16,2818,50,15634,1,25:00,25,Jose Mario de Bona -,Ponte Preta,1105,18:25
908,10,17,2820,25,15646,2,49:00,94,Thiago Galhardo do Nascimento Rocha -,Goiás,1399,23:19
909,10,17,2823,57,15659,2,39:00,84,Kauan Richard Leal Silva -,Ituano,1359,22:39
910,10,17,2826,62,15676,1,9:00,9,Lucas Jaques Varone Maia -,Paysandu,1269,21:09
911,10,17,2826,49,15677,1,50:00,50,Marcos Vinicius Cerato -,Brusque,1310,21:50
912,10,17,2826,49,15678,2,47:00,92,Osman de Menezes Venancio Junior -,Brusque,1367,22:47
913,10,18,2830,63,15705,1,46:00,46,Cauan Lucas Barros da Luz -,Amazonas Fc,1336,22:16
914,10,18,2831,42,15709,2,48:00,93,Marcelo Cordeiro de Souza -,Guarani,1068,17:48
915,10,18,2832,59,15717,2,41:00,86,Bruno Matias dos Santos -,Mirassol,1121,18:41
916,10,18,2839,50,15750,2,49:00,94,Pedro Henrique Rocha da Silva -,Ponte Preta,1189,19:49
917,10,19,2848,57,15787,1,40:00,40,Guilherme Henrique dos Reis Lazaroni -,Ituano,1330,22:10
918,10,19,2848,57,15788,2,26:00,71,Vinicius dos Santos de Oliveira Paiva -,Ituano,1376,22:56
919,10,20,2853,16,15821,2,15:00,60,Bruno Leonardo dos Santos Covas -,Chapecoense,1095,18:15
920,10,20,2857,28,15837,2,16:00,61,Robson dos Santos Fernandes -,Coritiba S.a.f.,1036,17:16
921,10,20,2858,62,15845,2,30:00,75,Jose Domingos de Moraes Neto -,Paysandu,1290,21:30
922,10,20,2859,9,15856,2,49:00,94,Chrystian Amaral Barletta de Almeida -,Sport,1129,18:49
923,10,21,2862,62,15873,2,29:00,74,Wanderson Camelo Viana -,Paysandu,1199,19:59
924,10,21,2869,10,15907,2,44:00,89,Matheus Felipe Santos Nascimento -,Ceará,1124,18:44
925,10,22,2870,49,15914,2,45:00,90,Cristovam Roberto Ribeiro da Silva -,Brusque,1365,22:45
926,10,22,2872,59,15922,2,28:00,73,Fernando Jose Marques Maciel -,Mirassol,1228,20:28
927,10,23,2884,13,15977,2,14:00,59,Gonzalo Daniel Escobar -,Santos,1034,17:14
928,10,23,2886,9,15997,2,50:00,95,Lucas Rafael Araujo Lima -,Sport,1370,22:50
929,10,23,2888,59,16007,2,14:00,59,Francisco Hyun Sol Kim -,Mirassol,1184,19:44
930,10,24,2894,50,16033,1,44:00,44,Elvis Vieira Araujo -,Ponte Preta,1334,22:14
931,10,24,2898,63,16053,2,27:00,72,Matheus dos Santos Miranda -,Amazonas Fc,1047,17:27
932,10,25,2901,50,16077,2,24:00,69,Sergio Raphael dos Anjos Raphael -,Ponte Preta,1374,22:54
933,10,25,2909,40,16130,2,51:00,96,Rafael de Carvalho Santos -,Operário,1071,17:51
934,10,26,2913,61,16146,1,26:00,26,Luis Fellipe Campos Doria -,Gremio Novorizontino - Saf,1166,19:26
935,10,26,2913,61,16147,2,18:00,63,Altemir Cordeiro Pessôa Neto -,Gremio Novorizontino - Saf,1218,20:18
936,10,26,2913,61,16148,2,37:00,82,Wagner da Silva Souza -,Gremio Novorizontino - Saf,1237,20:37
937,10,26,2916,49,16174,2,24:00,69,Jose Gabriel Campanelli da Rocha Cabo -,Brusque,1104,18:24
938,10,26,2917,40,16181,2,38:00,83,Savio Alves Marchiote -,Operário,1058,17:38
939,10,26,2917,40,16182,2,39:00,84,Marcelo Claudio Mendes Pereira -,Operário,1059,17:39
940,10,27,2926,47,16225,2,44:00,89,Romulo da Silva Machado -,Crb,1274,21:14
941,10,27,2928,40,16236,2,26:00,71,Emaxwell Souza de Lima -,Operário,1346,22:26
942,10,28,2931,50,16262,2,47:00,92,Gabriel Adolfo Risso Patron -,Ponte Preta,1397,23:17
943,10,28,2936,63,16286,2,48:00,93,Alexis Ivan Alvarino -,Amazonas Fc,1398,23:18
944,10,28,2937,42,16295,2,44:00,89,Reinaldo Nascimento Satorno -,Guarani,1244,20:44
945,10,29,2948,62,16361,1,47:00,47,Marcio Fernandes Figueiredo Junior -,Paysandu,1337,22:17
946,10,30,2951,50,16376,2,27:00,72,Mateus Ferreira da Silva -,Ponte Preta,1107,18:27
947,10,30,2952,41,16385,2,29:00,74,Alex Silva Quiroga -,Vila Nova,1169,19:29
948,10,30,2952,41,16386,2,53:00,98,Fabio das Neves Gerônimo de Almeida -,Vila Nova,1193,19:53
949,10,30,2956,62,16405,2,27:00,72,Marcio Fernandes Figueiredo -,Paysandu,1287,21:27
950,10,30,2957,16,16411,2,9:00,54,Bruno Leonardo dos Santos Covas -,Chapecoense,1359,22:39
951,10,30,2959,10,16433,2,34:00,79,Renato de Cassio Negrao -,Ceará,1354,22:34
952,10,31,2964,13,16462,2,46:00,91,Diego Cristiano Evaristo -,Santos,1216,20:16
953,10,31,2968,62,16481,1,44:00,44,Nicolas Godinho Johann -,Paysandu,1304,21:44
954,10,32,2970,28,16492,2,17:00,62,Vinicius Romualdo dos Santos -,Coritiba S.a.f.,1037,17:17
955,10,32,2976,49,16519,1,44:00,44,Diego Mathias de Almeida -,Brusque,1184,19:44
956,10,32,2977,40,16523,2,28:00,73,Willian Estefani Machado -,Operário,748,12:28
957,10,33,2988,62,16577,2,9:00,54,Matheus Trindade Gonçalves -,Paysandu,1239,20:39
958,10,34,2998,63,16618,2,38:00,83,Alexis Ivan Alvarino -,Amazonas Fc,1388,23:08
959,10,35,3001,50,16631,2,6:00,51,Gabriel Adolfo Risso Patron -,Ponte Preta,1326,22:06
960,10,35,3002,28,16633,1,30:00,30,Vinicius Romualdo dos Santos -,Coritiba S.a.f.,1320,22:00
961,10,35,3003,47,16645,2,37:00,82,Darlisson Pereira da Silva -,Crb,1372,22:52
962,10,35,3007,9,16667,1,39:00,39,Cristian Jonatan Ortiz -,Sport,1179,19:39
963,10,36,3010,50,16685,2,12:00,57,Iago Angelo Dias -,Ponte Preta,1182,19:42
964,10,36,3010,50,16686,2,43:00,88,Mateus Ferreira da Silva -,Ponte Preta,1213,20:13
965,10,37,3021,50,16739,1,23:00,23,Luiz Felipe Oliveira de Paula -,Ponte Preta,1313,21:53
966,10,37,3023,61,16748,2,29:00,74,Luis Fellipe Campos Doria -,Gremio Novorizontino - Saf,1109,18:29
967,10,38,3033,57,16790,2,36:00,81,Salatiel de Oliveira Gabriel Junior -,Ituano,1386,23:06
