id,nome,campeonatoId,arbitroId,rodada,data,horario,horarioInt,horas,periodo,estadio,casa,visitante,numAmarelos,numVermelhos
0,1 CBF - CONFEDERAÇÃO BRASILEIRA DE FUTEBOL,0,0,1,22/04/2024,21:00,1260,21,Noite,Onésio Brasileiro Alvarenga / Goiania,0,1,5,0
1,2 CBF - CONFEDERAÇÃO BRASILEIRA DE FUTEBOL,0,1,1,21/04/2024,18:00,1080,18,Noite,Moisés Lucarelli / Campinas,2,3,5,0
2,3 CBF - CONFEDERAÇÃO BRASILEIRA DE FUTEBOL,0,2,1,19/04/2024,19:00,1140,19,Noite,Santa Cruz / Ribeirao Preto,4,5,6,0
3,4 CBF - CONFEDERAÇÃO BRASILEIRA DE FUTEBOL,0,3,1,19/04/2024,19:00,1140,19,Noite,Dr. Jorge Ismael de Biasi / Novo Horizonte,6,7,5,0
4,5 CBF - CONFEDERAÇÃO BRASILEIRA DE FUTEBOL,0,4,1,20/04/2024,16:30,990,16,Tarde,Urbano Caldeira / Santos,8,9,6,0
5,6 CBF - CONFEDERAÇÃO BRASILEIRA DE FUTEBOL,0,5,1,20/04/2024,15:30,930,15,Tarde,Índio Condá / Chapeco,10,11,3,0
6,7 CBF - CONFEDERAÇÃO BRASILEIRA DE FUTEBOL,0,6,1,23/04/2024,21:00,1260,21,Noite,Hercílio Luz / Itajai,12,13,7,0
7,8 CBF - CONFEDERAÇÃO BRASILEIRA DE FUTEBOL,0,7,1,19/04/2024,21:00,1260,21,Noite,Germano Kruger / Ponta Grossa,14,15,2,0
8,9 CBF - CONFEDERAÇÃO BRASILEIRA DE FUTEBOL,0,8,1,20/04/2024,17:00,1020,17,Tarde,Arena da Amazônia / Manaus,16,17,5,0
9,10 CBF - CONFEDERAÇÃO BRASILEIRA DE FUTEBOL,0,9,1,20/04/2024,18:00,1080,18,Noite,Governador Plácido Aderaldo Castelo / Fortaleza,18,19,7,0
10,11 CBF - CONFEDERAÇÃO BRASILEIRA DE FUTEBOL,0,10,2,28/04/2024,18:30,1110,18,Noite,Hailé Pinheiro / Goiania,19,2,8,0
11,12 CBF - CONFEDERAÇÃO BRASILEIRA DE FUTEBOL,0,11,2,26/04/2024,21:00,1260,21,Noite,Brinco de Ouro da Princesa / Campinas,1,10,4,1
12,13 CBF - CONFEDERAÇÃO BRASILEIRA DE FUTEBOL,0,12,2,29/04/2024,19:30,1170,19,Noite,José Maria de Campos Maia / Mirassol,13,18,10,1
13,14 CBF - CONFEDERAÇÃO BRASILEIRA DE FUTEBOL,0,13,2,26/04/2024,19:00,1140,19,Noite,Novelli Junior / Itu,11,14,5,0
14,15 CBF - CONFEDERAÇÃO BRASILEIRA DE FUTEBOL,0,14,2,27/04/2024,18:00,1080,18,Noite,Raimundo Sampaio / Belo Horizonte,5,6,2,1
15,16 CBF - CONFEDERAÇÃO BRASILEIRA DE FUTEBOL,0,15,2,26/04/2024,20:00,1200,20,Noite,Aderbal Ramos da Silva / Florianopolis,15,8,2,0
16,17 CBF - CONFEDERAÇÃO BRASILEIRA DE FUTEBOL,0,16,2,27/04/2024,17:00,1020,17,Tarde,Rei Pelé / Maceio,7,16,6,1
17,18 CBF - CONFEDERAÇÃO BRASILEIRA DE FUTEBOL,0,17,2,28/04/2024,16:00,960,16,Tarde,Major Antônio Couto Pereira / Curitiba,3,12,7,0
18,19 CBF - CONFEDERAÇÃO BRASILEIRA DE FUTEBOL,0,18,2,27/04/2024,17:00,1020,17,Tarde,Olímpico do Pará / Belem,9,4,8,1
19,20 CBF - CONFEDERAÇÃO BRASILEIRA DE FUTEBOL,0,19,2,26/04/2024,19:00,1140,19,Noite,Arena Pernambuco Governador Carlos Wilson Campos / São Lourenço da Mata,17,0,5,0
20,21 CBF - CONFEDERAÇÃO BRASILEIRA DE FUTEBOL,0,20,3,04/05/2024,18:00,1080,18,Noite,Onésio Brasileiro Alvarenga / Goiania,0,14,6,0
21,22 CBF - CONFEDERAÇÃO BRASILEIRA DE FUTEBOL,0,21,3,06/05/2024,20:00,1200,20,Noite,Moisés Lucarelli / Campinas,2,16,6,0
22,23 CBF - CONFEDERAÇÃO BRASILEIRA DE FUTEBOL,0,22,3,07/05/2024,21:00,1260,21,Noite,Santa Cruz / Ribeirao Preto,4,13,6,3
23,24 CBF - CONFEDERAÇÃO BRASILEIRA DE FUTEBOL,0,8,3,04/05/2024,21:00,1260,21,Noite,Novelli Junior / Itu,11,6,4,2
24,25 CBF - CONFEDERAÇÃO BRASILEIRA DE FUTEBOL,0,23,3,06/05/2024,21:00,1260,21,Noite,Urbano Caldeira / Santos,8,1,2,0
25,26 CBF - CONFEDERAÇÃO BRASILEIRA DE FUTEBOL,0,24,3,04/05/2024,17:00,1020,17,Tarde,Índio Condá / Chapeco,10,5,5,0
26,27 CBF - CONFEDERAÇÃO BRASILEIRA DE FUTEBOL,0,25,3,05/05/2024,16:00,960,16,Tarde,Hercílio Luz / Itajai,12,19,7,0
27,28 CBF - CONFEDERAÇÃO BRASILEIRA DE FUTEBOL,0,26,3,03/05/2024,21:30,1290,21,Noite,Major Antônio Couto Pereira / Curitiba,3,17,10,0
28,29 CBF - CONFEDERAÇÃO BRASILEIRA DE FUTEBOL,0,27,3,03/05/2024,19:00,1140,19,Noite,Leônidas Sobré de Castro / Belem,9,15,5,1
29,30 CBF - CONFEDERAÇÃO BRASILEIRA DE FUTEBOL,0,5,3,06/05/2024,19:00,1140,19,Noite,Presidente Vargas / Fortaleza,18,7,9,0
30,31 CBF - CONFEDERAÇÃO BRASILEIRA DE FUTEBOL,0,7,4,10/05/2024,21:30,1290,21,Noite,Hailé Pinheiro / Goiania,19,11,4,0
31,32 CBF - CONFEDERAÇÃO BRASILEIRA DE FUTEBOL,0,28,4,11/05/2024,17:00,1020,17,Tarde,Brinco de Ouro da Princesa / Campinas,1,4,9,0
32,33 CBF - CONFEDERAÇÃO BRASILEIRA DE FUTEBOL,0,19,4,12/05/2024,16:00,960,16,Tarde,José Maria de Campos Maia / Mirassol,13,9,4,0
33,34 CBF - CONFEDERAÇÃO BRASILEIRA DE FUTEBOL,0,15,4,10/05/2024,19:00,1140,19,Noite,Dr. Jorge Ismael de Biasi / Novo Horizonte,6,18,7,1
34,35 CBF - CONFEDERAÇÃO BRASILEIRA DE FUTEBOL,0,1,4,08/05/2024,21:00,1260,21,Noite,Raimundo Sampaio / Belo Horizonte,5,0,10,0
35,36 CBF - CONFEDERAÇÃO BRASILEIRA DE FUTEBOL,0,29,4,11/05/2024,21:00,1260,21,Noite,Aderbal Ramos da Silva / Florianopolis,15,3,7,0
36,37 CBF - CONFEDERAÇÃO BRASILEIRA DE FUTEBOL,0,30,4,10/05/2024,21:30,1290,21,Noite,Rei Pelé / Maceio,7,10,7,0
37,38 CBF - CONFEDERAÇÃO BRASILEIRA DE FUTEBOL,0,8,4,11/05/2024,17:00,1020,17,Tarde,Germano Kruger / Ponta Grossa,14,2,5,1
38,39 CBF - CONFEDERAÇÃO BRASILEIRA DE FUTEBOL,0,31,4,11/05/2024,17:00,1020,17,Tarde,Arena da Amazônia / Manaus,16,8,1,0
39,40 CBF - CONFEDERAÇÃO BRASILEIRA DE FUTEBOL,0,32,4,11/05/2024,17:00,1020,17,Tarde,Arena Pernambuco Governador Carlos Wilson Campos / São Lourenço da Mata,17,12,5,1
40,41 CBF - CONFEDERAÇÃO BRASILEIRA DE FUTEBOL,0,33,5,14/05/2024,19:00,1140,19,Noite,Onésio Brasileiro Alvarenga / Goiania,0,6,4,0
41,42 CBF - CONFEDERAÇÃO BRASILEIRA DE FUTEBOL,0,34,5,15/05/2024,21:30,1290,21,Noite,Moisés Lucarelli / Campinas,2,8,0,0
42,43 CBF - CONFEDERAÇÃO BRASILEIRA DE FUTEBOL,0,3,5,14/05/2024,21:30,1290,21,Noite,Santa Cruz / Ribeirao Preto,4,10,6,0
43,44 CBF - CONFEDERAÇÃO BRASILEIRA DE FUTEBOL,0,6,5,15/05/2024,19:00,1140,19,Noite,Novelli Junior / Itu,11,17,7,0
44,45 CBF - CONFEDERAÇÃO BRASILEIRA DE FUTEBOL,0,35,5,15/05/2024,19:00,1140,19,Noite,Raimundo Sampaio / Belo Horizonte,5,13,6,0
45,46 CBF - CONFEDERAÇÃO BRASILEIRA DE FUTEBOL,0,36,5,14/05/2024,19:00,1140,19,Noite,Aderbal Ramos da Silva / Florianopolis,15,7,6,0
46,47 CBF - CONFEDERAÇÃO BRASILEIRA DE FUTEBOL,0,37,5,15/05/2024,19:00,1140,19,Noite,Hercílio Luz / Itajai,12,14,7,0
47,48 CBF - CONFEDERAÇÃO BRASILEIRA DE FUTEBOL,0,38,5,14/05/2024,21:30,1290,21,Noite,Major Antônio Couto Pereira / Curitiba,3,1,3,0
48,49 CBF - CONFEDERAÇÃO BRASILEIRA DE FUTEBOL,0,39,5,15/05/2024,21:30,1290,21,Noite,Leônidas Sobré de Castro / Belem,9,19,7,3
49,50 CBF - CONFEDERAÇÃO BRASILEIRA DE FUTEBOL,0,40,5,15/05/2024,21:30,1290,21,Noite,Governador Plácido Aderaldo Castelo / Fortaleza,18,16,7,1
50,51 CBF - CONFEDERAÇÃO BRASILEIRA DE FUTEBOL,0,14,6,18/05/2024,18:30,1110,18,Noite,Hailé Pinheiro / Goiania,19,4,2,0
51,52 CBF - CONFEDERAÇÃO BRASILEIRA DE FUTEBOL,0,12,6,20/05/2024,21:00,1260,21,Noite,Brinco de Ouro da Princesa / Campinas,1,5,5,0
52,53 CBF - CONFEDERAÇÃO BRASILEIRA DE FUTEBOL,0,16,6,19/05/2024,16:00,960,16,Tarde,José Maria de Campos Maia / Mirassol,13,11,5,0
53,54 CBF - CONFEDERAÇÃO BRASILEIRA DE FUTEBOL,0,2,6,17/05/2024,21:30,1290,21,Noite,Dr. Jorge Ismael de Biasi / Novo Horizonte,6,3,3,0
54,55 CBF - CONFEDERAÇÃO BRASILEIRA DE FUTEBOL,0,24,6,19/05/2024,11:00,660,11,Manha,Urbano Caldeira / Santos,8,12,3,0
55,56 CBF - CONFEDERAÇÃO BRASILEIRA DE FUTEBOL,0,41,6,21/05/2024,17:00,1020,17,Tarde,Índio Condá / Chapeco,10,2,4,1
56,57 CBF - CONFEDERAÇÃO BRASILEIRA DE FUTEBOL,0,42,6,17/05/2024,19:00,1140,19,Noite,Rei Pelé / Maceio,7,0,6,0
57,58 CBF - CONFEDERAÇÃO BRASILEIRA DE FUTEBOL,0,43,6,19/05/2024,16:00,960,16,Tarde,Germano Kruger / Ponta Grossa,14,18,9,0
58,59 CBF - CONFEDERAÇÃO BRASILEIRA DE FUTEBOL,0,44,6,18/05/2024,17:30,1050,17,Tarde,Arena da Amazônia / Manaus,16,9,8,2
59,60 CBF - CONFEDERAÇÃO BRASILEIRA DE FUTEBOL,0,25,6,18/05/2024,21:00,1260,21,Noite,Arena Pernambuco Governador Carlos Wilson Campos / São Lourenço da Mata,17,15,5,2
60,61 CBF - CONFEDERAÇÃO BRASILEIRA DE FUTEBOL,0,19,7,26/05/2024,17:00,1020,17,Tarde,Onésio Brasileiro Alvarenga / Goiania,0,12,6,1
61,62 CBF - CONFEDERAÇÃO BRASILEIRA DE FUTEBOL,0,36,7,25/05/2024,21:00,1260,21,Noite,Brinco de Ouro da Princesa / Campinas,1,9,6,0
62,63 CBF - CONFEDERAÇÃO BRASILEIRA DE FUTEBOL,0,45,7,27/05/2024,21:00,1260,21,Noite,Santa Cruz / Ribeirao Preto,4,6,3,0
63,64 CBF - CONFEDERAÇÃO BRASILEIRA DE FUTEBOL,0,38,7,26/05/2024,16:00,960,16,Tarde,Novelli Junior / Itu,11,2,4,1
64,65 CBF - CONFEDERAÇÃO BRASILEIRA DE FUTEBOL,0,46,7,24/05/2024,21:30,1290,21,Noite,Raimundo Sampaio / Belo Horizonte,5,8,6,0
65,66 CBF - CONFEDERAÇÃO BRASILEIRA DE FUTEBOL,0,47,7,27/05/2024,21:30,1290,21,Noite,Aderbal Ramos da Silva / Florianopolis,15,19,6,1
66,67 CBF - CONFEDERAÇÃO BRASILEIRA DE FUTEBOL,0,36,7,11/09/2024,21:30,1290,21,Noite,Rei Pelé / Maceio,7,17,6,0
67,68 CBF - CONFEDERAÇÃO BRASILEIRA DE FUTEBOL,0,33,7,27/05/2024,19:00,1140,19,Noite,Major Antônio Couto Pereira / Curitiba,3,14,2,0
68,69 CBF - CONFEDERAÇÃO BRASILEIRA DE FUTEBOL,0,23,7,28/05/2024,19:00,1140,19,Noite,Arena da Amazônia / Manaus,16,13,5,0
69,70 CBF - CONFEDERAÇÃO BRASILEIRA DE FUTEBOL,0,48,7,26/05/2024,18:30,1110,18,Noite,Governador Plácido Aderaldo Castelo / Fortaleza,18,10,13,0
70,71 CBF - CONFEDERAÇÃO BRASILEIRA DE FUTEBOL,0,44,8,31/05/2024,21:30,1290,21,Noite,Hailé Pinheiro / Goiania,19,17,8,0
71,72 CBF - CONFEDERAÇÃO BRASILEIRA DE FUTEBOL,0,40,8,02/06/2024,16:00,960,16,Tarde,Moisés Lucarelli / Campinas,2,7,4,0
72,73 CBF - CONFEDERAÇÃO BRASILEIRA DE FUTEBOL,0,7,8,04/06/2024,19:00,1140,19,Noite,José Maria de Campos Maia / Mirassol,13,1,3,0
73,74 CBF - CONFEDERAÇÃO BRASILEIRA DE FUTEBOL,0,41,8,02/06/2024,18:30,1110,18,Noite,Novelli Junior / Itu,11,15,7,1
74,75 CBF - CONFEDERAÇÃO BRASILEIRA DE FUTEBOL,0,2,8,03/06/2024,20:00,1200,20,Noite,Jacy Scaff / Londrina,8,4,5,0
75,76 CBF - CONFEDERAÇÃO BRASILEIRA DE FUTEBOL,0,43,8,02/06/2024,16:00,960,16,Tarde,Índio Condá / Chapeco,10,0,6,0
76,77 CBF - CONFEDERAÇÃO BRASILEIRA DE FUTEBOL,0,5,8,01/06/2024,17:00,1020,17,Tarde,Hercílio Luz / Itajai,12,6,8,1
77,78 CBF - CONFEDERAÇÃO BRASILEIRA DE FUTEBOL,0,30,8,03/06/2024,21:00,1260,21,Noite,Germano Kruger / Ponta Grossa,14,16,6,0
78,79 CBF - CONFEDERAÇÃO BRASILEIRA DE FUTEBOL,0,8,8,04/06/2024,21:30,1290,21,Noite,Leônidas Sobré de Castro / Belem,9,5,2,0
79,80 CBF - CONFEDERAÇÃO BRASILEIRA DE FUTEBOL,0,25,8,31/05/2024,19:00,1140,19,Noite,Governador Plácido Aderaldo Castelo / Fortaleza,18,3,7,0
80,81 CBF - CONFEDERAÇÃO BRASILEIRA DE FUTEBOL,0,3,9,10/06/2024,19:00,1140,19,Noite,Onésio Brasileiro Alvarenga / Goiania,0,18,13,0
81,82 CBF - CONFEDERAÇÃO BRASILEIRA DE FUTEBOL,0,6,9,08/06/2024,17:00,1020,17,Tarde,Brinco de Ouro da Princesa / Campinas,1,14,6,2
82,83 CBF - CONFEDERAÇÃO BRASILEIRA DE FUTEBOL,0,36,9,11/06/2024,19:00,1140,19,Noite,José Maria de Campos Maia / Mirassol,13,19,5,2
83,84 CBF - CONFEDERAÇÃO BRASILEIRA DE FUTEBOL,0,47,9,07/06/2024,21:00,1260,21,Noite,Dr. Jorge Ismael de Biasi / Novo Horizonte,6,8,4,0
84,85 CBF - CONFEDERAÇÃO BRASILEIRA DE FUTEBOL,0,31,9,09/06/2024,18:30,1110,18,Noite,Raimundo Sampaio / Belo Horizonte,5,2,5,0
85,86 CBF - CONFEDERAÇÃO BRASILEIRA DE FUTEBOL,0,28,9,09/06/2024,16:00,960,16,Tarde,Aderbal Ramos da Silva / Florianopolis,15,10,9,0
86,87 CBF - CONFEDERAÇÃO BRASILEIRA DE FUTEBOL,0,49,9,17/07/2024,20:30,1230,20,Noite,Rei Pelé / Maceio,7,4,4,1
87,88 CBF - CONFEDERAÇÃO BRASILEIRA DE FUTEBOL,0,35,9,07/06/2024,19:00,1140,19,Noite,Major Antônio Couto Pereira / Curitiba,3,11,4,0
88,89 CBF - CONFEDERAÇÃO BRASILEIRA DE FUTEBOL,0,42,9,08/06/2024,17:00,1020,17,Tarde,Carlos Zamith / Manaus,16,12,4,0
89,90 CBF - CONFEDERAÇÃO BRASILEIRA DE FUTEBOL,0,37,9,10/06/2024,21:30,1290,21,Noite,Arena Pernambuco Governador Carlos Wilson Campos / São Lourenço da Mata,17,9,11,0
90,91 CBF - CONFEDERAÇÃO BRASILEIRA DE FUTEBOL,0,23,10,16/06/2024,18:30,1110,18,Noite,Hailé Pinheiro / Goiania,19,3,3,0
91,92 CBF - CONFEDERAÇÃO BRASILEIRA DE FUTEBOL,0,19,10,15/06/2024,17:00,1020,17,Tarde,Moisés Lucarelli / Campinas,2,6,13,1
92,93 CBF - CONFEDERAÇÃO BRASILEIRA DE FUTEBOL,0,50,10,16/06/2024,11:00,660,11,Manha,Santa Cruz / Ribeirao Preto,4,0,8,0
93,94 CBF - CONFEDERAÇÃO BRASILEIRA DE FUTEBOL,0,7,10,15/06/2024,18:00,1080,18,Noite,Novelli Junior / Itu,11,9,10,0
94,95 CBF - CONFEDERAÇÃO BRASILEIRA DE FUTEBOL,0,29,10,15/06/2024,15:30,930,15,Tarde,Raimundo Sampaio / Belo Horizonte,5,7,4,1
95,96 CBF - CONFEDERAÇÃO BRASILEIRA DE FUTEBOL,0,30,10,14/06/2024,21:00,1260,21,Noite,Aderbal Ramos da Silva / Florianopolis,15,1,13,1
96,97 CBF - CONFEDERAÇÃO BRASILEIRA DE FUTEBOL,0,39,10,16/06/2024,16:00,960,16,Tarde,Hercílio Luz / Itajai,12,18,6,0
97,98 CBF - CONFEDERAÇÃO BRASILEIRA DE FUTEBOL,0,25,10,14/06/2024,19:00,1140,19,Noite,Germano Kruger / Ponta Grossa,14,8,8,1
98,99 CBF - CONFEDERAÇÃO BRASILEIRA DE FUTEBOL,0,51,10,13/06/2024,21:00,1260,21,Noite,Carlos Zamith / Manaus,16,10,6,1
99,100 CBF - CONFEDERAÇÃO BRASILEIRA DE FUTEBOL,0,45,10,16/06/2024,18:30,1110,18,Noite,Arena Pernambuco Governador Carlos Wilson Campos / São Lourenço da Mata,17,13,5,0
100,101 CBF - CONFEDERAÇÃO BRASILEIRA DE FUTEBOL,0,35,11,20/06/2024,19:00,1140,19,Noite,Onésio Brasileiro Alvarenga / Goiania,0,13,8,0
101,102 CBF - CONFEDERAÇÃO BRASILEIRA DE FUTEBOL,0,33,11,18/06/2024,19:00,1140,19,Noite,Brinco de Ouro da Princesa / Campinas,1,11,7,0
102,103 CBF - CONFEDERAÇÃO BRASILEIRA DE FUTEBOL,0,41,11,19/06/2024,21:00,1260,21,Noite,Santa Cruz / Ribeirao Preto,4,2,10,0
103,104 CBF - CONFEDERAÇÃO BRASILEIRA DE FUTEBOL,0,24,11,18/06/2024,21:00,1260,21,Noite,Dr. Jorge Ismael de Biasi / Novo Horizonte,6,16,7,0
104,105 CBF - CONFEDERAÇÃO BRASILEIRA DE FUTEBOL,0,52,11,19/06/2024,19:00,1140,19,Noite,Urbano Caldeira / Santos,8,19,3,1
105,106 CBF - CONFEDERAÇÃO BRASILEIRA DE FUTEBOL,0,40,11,17/06/2024,21:00,1260,21,Noite,Índio Condá / Chapeco,10,14,8,1
106,107 CBF - CONFEDERAÇÃO BRASILEIRA DE FUTEBOL,0,38,11,19/06/2024,21:30,1290,21,Noite,Hercílio Luz / Itajai,12,15,5,1
107,108 CBF - CONFEDERAÇÃO BRASILEIRA DE FUTEBOL,0,43,11,19/06/2024,21:30,1290,21,Noite,Major Antônio Couto Pereira / Curitiba,3,5,5,0
108,109 CBF - CONFEDERAÇÃO BRASILEIRA DE FUTEBOL,0,48,11,18/06/2024,21:30,1290,21,Noite,Leônidas Sobré de Castro / Belem,9,7,9,0
109,110 CBF - CONFEDERAÇÃO BRASILEIRA DE FUTEBOL,0,53,11,20/06/2024,21:30,1290,21,Noite,Governador Plácido Aderaldo Castelo / Fortaleza,18,17,7,0
110,111 CBF - CONFEDERAÇÃO BRASILEIRA DE FUTEBOL,0,54,12,23/06/2024,18:30,1110,18,Noite,Onésio Brasileiro Alvarenga / Goiania,0,19,7,0
111,112 CBF - CONFEDERAÇÃO BRASILEIRA DE FUTEBOL,0,37,12,25/06/2024,21:00,1260,21,Noite,Moisés Lucarelli / Campinas,2,18,5,1
112,113 CBF - CONFEDERAÇÃO BRASILEIRA DE FUTEBOL,0,55,12,25/06/2024,19:00,1140,19,Noite,José Maria de Campos Maia / Mirassol,13,8,4,0
113,114 CBF - CONFEDERAÇÃO BRASILEIRA DE FUTEBOL,0,14,12,22/06/2024,21:00,1260,21,Noite,Novelli Junior / Itu,11,12,8,0
114,115 CBF - CONFEDERAÇÃO BRASILEIRA DE FUTEBOL,0,30,12,25/06/2024,19:00,1140,19,Noite,Raimundo Sampaio / Belo Horizonte,5,15,8,1
115,116 CBF - CONFEDERAÇÃO BRASILEIRA DE FUTEBOL,0,19,12,23/06/2024,16:00,960,16,Tarde,Índio Condá / Chapeco,10,9,4,0
116,117 CBF - CONFEDERAÇÃO BRASILEIRA DE FUTEBOL,0,45,12,22/06/2024,17:00,1020,17,Tarde,Rei Pelé / Maceio,7,1,7,0
117,118 CBF - CONFEDERAÇÃO BRASILEIRA DE FUTEBOL,0,7,12,22/06/2024,17:00,1020,17,Tarde,Germano Kruger / Ponta Grossa,14,4,7,1
118,119 CBF - CONFEDERAÇÃO BRASILEIRA DE FUTEBOL,0,1,12,25/06/2024,21:30,1290,21,Noite,Carlos Zamith / Manaus,16,3,4,0
119,120 CBF - CONFEDERAÇÃO BRASILEIRA DE FUTEBOL,0,16,12,24/06/2024,19:00,1140,19,Noite,Arena Pernambuco Governador Carlos Wilson Campos / São Lourenço da Mata,17,6,6,2
120,121 CBF - CONFEDERAÇÃO BRASILEIRA DE FUTEBOL,0,53,13,02/07/2024,18:30,1110,18,Noite,Hailé Pinheiro / Goiania,19,5,3,1
121,122 CBF - CONFEDERAÇÃO BRASILEIRA DE FUTEBOL,0,43,13,30/06/2024,18:30,1110,18,Noite,Brinco de Ouro da Princesa / Campinas,1,2,11,1
122,123 CBF - CONFEDERAÇÃO BRASILEIRA DE FUTEBOL,0,36,13,29/06/2024,17:00,1020,17,Tarde,Santa Cruz / Ribeirao Preto,4,17,5,0
123,124 CBF - CONFEDERAÇÃO BRASILEIRA DE FUTEBOL,0,15,13,02/07/2024,20:00,1200,20,Noite,Dr. Jorge Ismael de Biasi / Novo Horizonte,6,13,11,1
124,125 CBF - CONFEDERAÇÃO BRASILEIRA DE FUTEBOL,0,6,13,01/07/2024,19:00,1140,19,Noite,Urbano Caldeira / Santos,8,10,6,0
125,126 CBF - CONFEDERAÇÃO BRASILEIRA DE FUTEBOL,0,31,13,30/06/2024,11:00,660,11,Manha,Aderbal Ramos da Silva / Florianopolis,15,16,8,0
126,127 CBF - CONFEDERAÇÃO BRASILEIRA DE FUTEBOL,0,17,13,01/07/2024,21:00,1260,21,Noite,Rei Pelé / Maceio,7,12,1,0
127,128 CBF - CONFEDERAÇÃO BRASILEIRA DE FUTEBOL,0,35,13,29/06/2024,16:00,960,16,Tarde,Major Antônio Couto Pereira / Curitiba,3,0,6,0
128,129 CBF - CONFEDERAÇÃO BRASILEIRA DE FUTEBOL,0,45,13,30/06/2024,16:00,960,16,Tarde,Leônidas Sobré de Castro / Belem,9,14,5,0
129,130 CBF - CONFEDERAÇÃO BRASILEIRA DE FUTEBOL,0,12,13,29/06/2024,21:00,1260,21,Noite,Governador Plácido Aderaldo Castelo / Fortaleza,18,11,5,0
130,131 CBF - CONFEDERAÇÃO BRASILEIRA DE FUTEBOL,0,24,14,06/07/2024,17:00,1020,17,Tarde,Hailé Pinheiro / Goiania,19,10,4,0
131,132 CBF - CONFEDERAÇÃO BRASILEIRA DE FUTEBOL,0,48,14,07/07/2024,18:30,1110,18,Noite,Brinco de Ouro da Princesa / Campinas,1,17,5,1
132,133 CBF - CONFEDERAÇÃO BRASILEIRA DE FUTEBOL,0,5,14,09/07/2024,21:00,1260,21,Noite,José Maria de Campos Maia / Mirassol,13,7,5,0
133,134 CBF - CONFEDERAÇÃO BRASILEIRA DE FUTEBOL,0,19,14,07/07/2024,16:00,960,16,Tarde,Novelli Junior / Itu,11,4,6,2
134,135 CBF - CONFEDERAÇÃO BRASILEIRA DE FUTEBOL,0,23,14,06/07/2024,11:00,660,11,Manha,Raimundo Sampaio / Belo Horizonte,5,14,3,0
135,136 CBF - CONFEDERAÇÃO BRASILEIRA DE FUTEBOL,0,37,14,08/07/2024,20:00,1200,20,Noite,Aderbal Ramos da Silva / Florianopolis,15,6,6,0
136,137 CBF - CONFEDERAÇÃO BRASILEIRA DE FUTEBOL,0,7,14,05/07/2024,21:00,1260,21,Noite,Hercílio Luz / Itajai,12,2,2,0
137,138 CBF - CONFEDERAÇÃO BRASILEIRA DE FUTEBOL,0,40,14,07/07/2024,11:00,660,11,Manha,Major Antônio Couto Pereira / Curitiba,3,9,6,0
138,139 CBF - CONFEDERAÇÃO BRASILEIRA DE FUTEBOL,0,36,14,08/07/2024,21:00,1260,21,Noite,Carlos Zamith / Manaus,16,0,4,0
139,140 CBF - CONFEDERAÇÃO BRASILEIRA DE FUTEBOL,0,1,14,05/07/2024,19:00,1140,19,Noite,Governador Plácido Aderaldo Castelo / Fortaleza,18,8,6,1
140,141 CBF - CONFEDERAÇÃO BRASILEIRA DE FUTEBOL,0,43,15,14/07/2024,16:00,960,16,Tarde,Onésio Brasileiro Alvarenga / Goiania,0,15,3,0
141,142 CBF - CONFEDERAÇÃO BRASILEIRA DE FUTEBOL,0,41,15,12/07/2024,19:00,1140,19,Noite,Moisés Lucarelli / Campinas,2,13,9,1
142,143 CBF - CONFEDERAÇÃO BRASILEIRA DE FUTEBOL,0,12,15,14/07/2024,21:00,1260,21,Noite,Santa Cruz / Ribeirao Preto,4,16,8,0
143,144 CBF - CONFEDERAÇÃO BRASILEIRA DE FUTEBOL,0,6,15,13/07/2024,15:30,930,15,Tarde,Dr. Jorge Ismael de Biasi / Novo Horizonte,6,1,1,0
144,145 CBF - CONFEDERAÇÃO BRASILEIRA DE FUTEBOL,0,15,15,15/07/2024,20:00,1200,20,Noite,Urbano Caldeira / Santos,8,11,3,0
145,146 CBF - CONFEDERAÇÃO BRASILEIRA DE FUTEBOL,0,35,15,14/07/2024,18:30,1110,18,Noite,Índio Condá / Chapeco,10,12,7,1
146,147 CBF - CONFEDERAÇÃO BRASILEIRA DE FUTEBOL,0,3,15,13/07/2024,18:00,1080,18,Noite,Rei Pelé / Maceio,7,3,7,1
147,148 CBF - CONFEDERAÇÃO BRASILEIRA DE FUTEBOL,0,34,15,17/07/2024,21:00,1260,21,Noite,Germano Kruger / Ponta Grossa,14,19,2,0
148,149 CBF - CONFEDERAÇÃO BRASILEIRA DE FUTEBOL,0,23,15,12/07/2024,21:30,1290,21,Noite,Leônidas Sobré de Castro / Belem,9,18,7,0
149,150 CBF - CONFEDERAÇÃO BRASILEIRA DE FUTEBOL,0,32,15,13/07/2024,17:00,1020,17,Tarde,Arena Pernambuco Governador Carlos Wilson Campos / São Lourenço da Mata,17,5,7,0
150,151 CBF - CONFEDERAÇÃO BRASILEIRA DE FUTEBOL,0,52,16,18/07/2024,20:00,1200,20,Noite,Onésio Brasileiro Alvarenga / Goiania,0,8,1,1
151,152 CBF - CONFEDERAÇÃO BRASILEIRA DE FUTEBOL,0,40,16,21/07/2024,16:00,960,16,Tarde,Brinco de Ouro da Princesa / Campinas,1,19,11,2
152,153 CBF - CONFEDERAÇÃO BRASILEIRA DE FUTEBOL,0,24,16,21/07/2024,18:30,1110,18,Noite,Santa Cruz / Ribeirao Preto,4,12,7,0
153,154 CBF - CONFEDERAÇÃO BRASILEIRA DE FUTEBOL,0,56,16,18/07/2024,21:00,1260,21,Noite,Dr. Jorge Ismael de Biasi / Novo Horizonte,6,10,6,1
154,155 CBF - CONFEDERAÇÃO BRASILEIRA DE FUTEBOL,0,7,16,20/07/2024,17:00,1020,17,Tarde,Raimundo Sampaio / Belo Horizonte,5,16,4,0
155,156 CBF - CONFEDERAÇÃO BRASILEIRA DE FUTEBOL,0,8,16,19/07/2024,19:00,1140,19,Noite,Aderbal Ramos da Silva / Florianopolis,15,18,5,0
156,157 CBF - CONFEDERAÇÃO BRASILEIRA DE FUTEBOL,0,57,16,20/07/2024,17:00,1020,17,Tarde,Rei Pelé / Maceio,7,11,7,0
157,158 CBF - CONFEDERAÇÃO BRASILEIRA DE FUTEBOL,0,31,16,19/07/2024,21:30,1290,21,Noite,Major Antônio Couto Pereira / Curitiba,3,13,5,0
158,159 CBF - CONFEDERAÇÃO BRASILEIRA DE FUTEBOL,0,36,16,20/07/2024,18:00,1080,18,Noite,Leônidas Sobré de Castro / Belem,9,2,6,1
159,160 CBF - CONFEDERAÇÃO BRASILEIRA DE FUTEBOL,0,36,16,16/10/2024,21:30,1290,21,Noite,Adelmar da Costa Carvalho / Recife,17,14,7,0
160,161 CBF - CONFEDERAÇÃO BRASILEIRA DE FUTEBOL,0,19,17,25/07/2024,21:30,1290,21,Noite,Hailé Pinheiro / Goiania,19,7,4,1
161,162 CBF - CONFEDERAÇÃO BRASILEIRA DE FUTEBOL,0,8,17,23/07/2024,21:30,1290,21,Noite,Moisés Lucarelli / Campinas,2,0,5,0
162,163 CBF - CONFEDERAÇÃO BRASILEIRA DE FUTEBOL,0,6,17,23/07/2024,20:00,1200,20,Noite,José Maria de Campos Maia / Mirassol,13,15,4,0
163,164 CBF - CONFEDERAÇÃO BRASILEIRA DE FUTEBOL,0,23,17,23/07/2024,21:00,1260,21,Noite,Novelli Junior / Itu,11,5,3,1
164,165 CBF - CONFEDERAÇÃO BRASILEIRA DE FUTEBOL,0,34,17,22/07/2024,20:00,1200,20,Noite,Urbano Caldeira / Santos,8,3,2,0
165,166 CBF - CONFEDERAÇÃO BRASILEIRA DE FUTEBOL,0,32,17,23/07/2024,19:00,1140,19,Noite,Índio Condá / Chapeco,10,17,4,0
166,167 CBF - CONFEDERAÇÃO BRASILEIRA DE FUTEBOL,0,1,17,24/07/2024,21:00,1260,21,Noite,Aderbal Ramos da Silva / Florianopolis,12,9,10,3
167,168 CBF - CONFEDERAÇÃO BRASILEIRA DE FUTEBOL,0,50,17,23/07/2024,19:00,1140,19,Noite,Germano Kruger / Ponta Grossa,14,6,7,0
168,169 CBF - CONFEDERAÇÃO BRASILEIRA DE FUTEBOL,0,37,17,24/07/2024,21:30,1290,21,Noite,Carlos Zamith / Manaus,16,1,8,0
169,170 CBF - CONFEDERAÇÃO BRASILEIRA DE FUTEBOL,0,30,17,25/07/2024,21:30,1290,21,Noite,Governador Plácido Aderaldo Castelo / Fortaleza,18,4,5,0
170,171 CBF - CONFEDERAÇÃO BRASILEIRA DE FUTEBOL,0,3,18,25/10/2024,21:30,1290,21,Noite,Hailé Pinheiro / Goiania,19,16,8,1
171,172 CBF - CONFEDERAÇÃO BRASILEIRA DE FUTEBOL,0,58,18,28/07/2024,16:00,960,16,Tarde,Brinco de Ouro da Princesa / Campinas,1,12,3,1
172,173 CBF - CONFEDERAÇÃO BRASILEIRA DE FUTEBOL,0,16,18,27/07/2024,17:00,1020,17,Tarde,José Maria de Campos Maia / Mirassol,13,14,7,1
173,174 CBF - CONFEDERAÇÃO BRASILEIRA DE FUTEBOL,0,54,18,26/07/2024,21:30,1290,21,Noite,Novelli Junior / Itu,11,0,5,0
174,175 CBF - CONFEDERAÇÃO BRASILEIRA DE FUTEBOL,0,35,18,28/07/2024,18:30,1110,18,Noite,Raimundo Sampaio / Belo Horizonte,5,18,3,0
175,176 CBF - CONFEDERAÇÃO BRASILEIRA DE FUTEBOL,0,57,18,30/07/2024,21:00,1260,21,Noite,Aderbal Ramos da Silva / Florianopolis,15,4,5,0
176,177 CBF - CONFEDERAÇÃO BRASILEIRA DE FUTEBOL,0,45,18,28/07/2024,18:30,1110,18,Noite,Rei Pelé / Maceio,7,8,5,0
177,178 CBF - CONFEDERAÇÃO BRASILEIRA DE FUTEBOL,0,59,18,27/07/2024,17:00,1020,17,Tarde,Major Antônio Couto Pereira / Curitiba,3,10,9,0
178,179 CBF - CONFEDERAÇÃO BRASILEIRA DE FUTEBOL,0,60,18,29/07/2024,18:30,1110,18,Noite,Leônidas Sobré de Castro / Belem,9,6,6,0
179,180 CBF - CONFEDERAÇÃO BRASILEIRA DE FUTEBOL,0,4,18,27/07/2024,18:00,1080,18,Noite,Arena Pernambuco Governador Carlos Wilson Campos / São Lourenço da Mata,17,2,3,1
180,181 CBF - CONFEDERAÇÃO BRASILEIRA DE FUTEBOL,0,50,19,05/08/2024,21:00,1260,21,Noite,Onésio Brasileiro Alvarenga / Goiania,0,9,10,0
181,182 CBF - CONFEDERAÇÃO BRASILEIRA DE FUTEBOL,0,45,19,04/08/2024,16:00,960,16,Tarde,Moisés Lucarelli / Campinas,2,15,2,0
182,183 CBF - CONFEDERAÇÃO BRASILEIRA DE FUTEBOL,0,48,19,03/08/2024,17:00,1020,17,Tarde,Santa Cruz / Ribeirao Preto,4,3,5,0
183,184 CBF - CONFEDERAÇÃO BRASILEIRA DE FUTEBOL,0,35,19,04/08/2024,18:30,1110,18,Noite,Dr. Jorge Ismael de Biasi / Novo Horizonte,6,19,4,0
184,185 CBF - CONFEDERAÇÃO BRASILEIRA DE FUTEBOL,0,55,19,02/08/2024,21:30,1290,21,Noite,Urbano Caldeira / Santos,8,17,5,0
185,186 CBF - CONFEDERAÇÃO BRASILEIRA DE FUTEBOL,0,24,19,05/08/2024,18:30,1110,18,Noite,Índio Condá / Chapeco,10,13,1,0
186,187 CBF - CONFEDERAÇÃO BRASILEIRA DE FUTEBOL,0,41,19,02/08/2024,19:00,1140,19,Noite,Aderbal Ramos da Silva / Florianopolis,12,5,3,0
187,188 CBF - CONFEDERAÇÃO BRASILEIRA DE FUTEBOL,0,30,19,04/08/2024,18:30,1110,18,Noite,Germano Kruger / Ponta Grossa,14,7,4,0
188,189 CBF - CONFEDERAÇÃO BRASILEIRA DE FUTEBOL,0,40,19,03/08/2024,21:30,1290,21,Noite,Carlos Zamith / Manaus,16,11,5,2
189,190 CBF - CONFEDERAÇÃO BRASILEIRA DE FUTEBOL,0,19,19,06/08/2024,21:00,1260,21,Noite,Governador Plácido Aderaldo Castelo / Fortaleza,18,1,5,0
190,191 CBF - CONFEDERAÇÃO BRASILEIRA DE FUTEBOL,0,8,20,12/08/2024,21:00,1260,21,Noite,Hailé Pinheiro / Goiania,19,18,9,0
191,192 CBF - CONFEDERAÇÃO BRASILEIRA DE FUTEBOL,0,5,20,12/08/2024,20:00,1200,20,Noite,Brinco de Ouro da Princesa / Campinas,1,0,10,0
192,193 CBF - CONFEDERAÇÃO BRASILEIRA DE FUTEBOL,0,51,20,09/08/2024,21:00,1260,21,Noite,José Maria de Campos Maia / Mirassol,13,12,2,0
193,194 CBF - CONFEDERAÇÃO BRASILEIRA DE FUTEBOL,0,37,20,10/08/2024,17:00,1020,17,Tarde,Novelli Junior / Itu,11,10,6,1
194,195 CBF - CONFEDERAÇÃO BRASILEIRA DE FUTEBOL,0,61,20,09/08/2024,21:30,1290,21,Noite,Raimundo Sampaio / Belo Horizonte,5,4,5,0
195,196 CBF - CONFEDERAÇÃO BRASILEIRA DE FUTEBOL,0,34,20,09/08/2024,19:15,1155,19,Noite,Aderbal Ramos da Silva / Florianopolis,15,14,3,0
196,197 CBF - CONFEDERAÇÃO BRASILEIRA DE FUTEBOL,0,6,20,11/08/2024,18:30,1110,18,Noite,Rei Pelé / Maceio,7,6,2,0
197,198 CBF - CONFEDERAÇÃO BRASILEIRA DE FUTEBOL,0,7,20,11/08/2024,16:00,960,16,Tarde,Major Antônio Couto Pereira / Curitiba,3,2,7,1
198,199 CBF - CONFEDERAÇÃO BRASILEIRA DE FUTEBOL,0,35,20,09/08/2024,20:00,1200,20,Noite,Olímpico do Pará / Belem,9,8,7,1
199,200 CBF - CONFEDERAÇÃO BRASILEIRA DE FUTEBOL,0,62,20,10/08/2024,17:00,1020,17,Tarde,Arena Pernambuco Governador Carlos Wilson Campos / São Lourenço da Mata,17,16,10,1
200,201 CBF - CONFEDERAÇÃO BRASILEIRA DE FUTEBOL,0,53,21,16/08/2024,21:00,1260,21,Noite,Onésio Brasileiro Alvarenga / Goiania,0,17,4,0
201,202 CBF - CONFEDERAÇÃO BRASILEIRA DE FUTEBOL,0,52,21,16/08/2024,19:00,1140,19,Noite,Moisés Lucarelli / Campinas,2,19,6,0
202,203 CBF - CONFEDERAÇÃO BRASILEIRA DE FUTEBOL,0,30,21,18/08/2024,18:30,1110,18,Noite,Santa Cruz / Ribeirao Preto,4,9,10,1
203,204 CBF - CONFEDERAÇÃO BRASILEIRA DE FUTEBOL,0,46,21,16/08/2024,21:30,1290,21,Noite,Dr. Jorge Ismael de Biasi / Novo Horizonte,6,5,7,0
204,205 CBF - CONFEDERAÇÃO BRASILEIRA DE FUTEBOL,0,47,21,17/08/2024,16:00,960,16,Tarde,Urbano Caldeira / Santos,8,15,1,0
205,206 CBF - CONFEDERAÇÃO BRASILEIRA DE FUTEBOL,0,15,21,17/08/2024,15:30,930,15,Tarde,Índio Condá / Chapeco,10,1,4,0
206,207 CBF - CONFEDERAÇÃO BRASILEIRA DE FUTEBOL,0,35,21,18/08/2024,16:00,960,16,Tarde,Aderbal Ramos da Silva / Florianopolis,12,3,7,0
207,208 CBF - CONFEDERAÇÃO BRASILEIRA DE FUTEBOL,0,38,21,15/08/2024,21:00,1260,21,Noite,Germano Kruger / Ponta Grossa,14,11,2,0
208,209 CBF - CONFEDERAÇÃO BRASILEIRA DE FUTEBOL,0,28,21,17/08/2024,18:00,1080,18,Noite,Arena da Amazônia / Manaus,16,7,7,0
209,210 CBF - CONFEDERAÇÃO BRASILEIRA DE FUTEBOL,0,31,21,17/08/2024,17:00,1020,17,Tarde,Governador Plácido Aderaldo Castelo / Fortaleza,18,13,5,1
210,211 CBF - CONFEDERAÇÃO BRASILEIRA DE FUTEBOL,0,57,22,21/08/2024,21:00,1260,21,Noite,Hailé Pinheiro / Goiania,19,12,6,1
211,212 CBF - CONFEDERAÇÃO BRASILEIRA DE FUTEBOL,0,2,22,21/08/2024,19:00,1140,19,Noite,Brinco de Ouro da Princesa / Campinas,1,8,4,0
212,213 CBF - CONFEDERAÇÃO BRASILEIRA DE FUTEBOL,0,23,22,21/08/2024,19:00,1140,19,Noite,José Maria de Campos Maia / Mirassol,13,4,7,1
213,214 CBF - CONFEDERAÇÃO BRASILEIRA DE FUTEBOL,0,24,22,20/08/2024,19:00,1140,19,Noite,Dr. Jorge Ismael de Biasi / Novo Horizonte,6,11,7,0
214,215 CBF - CONFEDERAÇÃO BRASILEIRA DE FUTEBOL,0,63,22,21/08/2024,19:00,1140,19,Noite,Raimundo Sampaio / Belo Horizonte,5,10,0,0
215,216 CBF - CONFEDERAÇÃO BRASILEIRA DE FUTEBOL,0,14,22,22/08/2024,20:00,1200,20,Noite,Aderbal Ramos da Silva / Florianopolis,15,9,5,0
216,217 CBF - CONFEDERAÇÃO BRASILEIRA DE FUTEBOL,0,38,22,21/08/2024,20:00,1200,20,Noite,Rei Pelé / Maceio,7,18,1,0
217,218 CBF - CONFEDERAÇÃO BRASILEIRA DE FUTEBOL,0,9,22,20/08/2024,21:30,1290,21,Noite,Germano Kruger / Ponta Grossa,14,0,6,0
218,219 CBF - CONFEDERAÇÃO BRASILEIRA DE FUTEBOL,0,58,22,20/08/2024,21:00,1260,21,Noite,Arena da Amazônia / Manaus,16,2,7,0
219,220 CBF - CONFEDERAÇÃO BRASILEIRA DE FUTEBOL,0,33,22,22/08/2024,21:00,1260,21,Noite,Arena Pernambuco Governador Carlos Wilson Campos / São Lourenço da Mata,17,3,7,0
220,221 CBF - CONFEDERAÇÃO BRASILEIRA DE FUTEBOL,0,28,23,25/08/2024,18:30,1110,18,Noite,Onésio Brasileiro Alvarenga / Goiania,0,5,4,0
221,222 CBF - CONFEDERAÇÃO BRASILEIRA DE FUTEBOL,0,5,23,23/08/2024,21:30,1290,21,Noite,Moisés Lucarelli / Campinas,2,14,4,0
222,223 CBF - CONFEDERAÇÃO BRASILEIRA DE FUTEBOL,0,32,23,09/10/2024,20:00,1200,20,Noite,Santa Cruz / Ribeirao Preto,4,1,6,0
223,224 CBF - CONFEDERAÇÃO BRASILEIRA DE FUTEBOL,0,30,23,24/08/2024,17:00,1020,17,Tarde,Novelli Junior / Itu,11,19,2,0
224,225 CBF - CONFEDERAÇÃO BRASILEIRA DE FUTEBOL,0,6,23,24/08/2024,16:00,960,16,Tarde,Urbano Caldeira / Santos,8,16,7,1
225,226 CBF - CONFEDERAÇÃO BRASILEIRA DE FUTEBOL,0,61,23,25/08/2024,18:30,1110,18,Noite,Índio Condá / Chapeco,10,7,12,0
226,227 CBF - CONFEDERAÇÃO BRASILEIRA DE FUTEBOL,0,48,23,27/08/2024,21:00,1260,21,Noite,Aderbal Ramos da Silva / Florianopolis,12,17,7,1
227,228 CBF - CONFEDERAÇÃO BRASILEIRA DE FUTEBOL,0,1,23,27/08/2024,21:30,1290,21,Noite,Major Antônio Couto Pereira / Curitiba,3,15,3,0
228,229 CBF - CONFEDERAÇÃO BRASILEIRA DE FUTEBOL,0,31,23,26/08/2024,18:30,1110,18,Noite,Leônidas Sobré de Castro / Belem,9,13,6,1
229,230 CBF - CONFEDERAÇÃO BRASILEIRA DE FUTEBOL,0,35,23,26/08/2024,21:00,1260,21,Noite,Governador Plácido Aderaldo Castelo / Fortaleza,18,6,7,0
230,231 CBF - CONFEDERAÇÃO BRASILEIRA DE FUTEBOL,0,35,24,01/09/2024,18:30,1110,18,Noite,Hailé Pinheiro / Goiania,19,9,4,0
231,232 CBF - CONFEDERAÇÃO BRASILEIRA DE FUTEBOL,0,31,24,03/09/2024,21:30,1290,21,Noite,Brinco de Ouro da Princesa / Campinas,1,3,1,0
232,233 CBF - CONFEDERAÇÃO BRASILEIRA DE FUTEBOL,0,48,24,03/09/2024,19:00,1140,19,Noite,José Maria de Campos Maia / Mirassol,13,5,5,0
233,234 CBF - CONFEDERAÇÃO BRASILEIRA DE FUTEBOL,0,25,24,31/08/2024,17:00,1020,17,Tarde,Dr. Jorge Ismael de Biasi / Novo Horizonte,6,0,5,0
234,235 CBF - CONFEDERAÇÃO BRASILEIRA DE FUTEBOL,0,45,24,30/08/2024,21:30,1290,21,Noite,Urbano Caldeira / Santos,8,2,3,1
235,236 CBF - CONFEDERAÇÃO BRASILEIRA DE FUTEBOL,0,15,24,31/08/2024,17:00,1020,17,Tarde,Índio Condá / Chapeco,10,4,7,0
236,237 CBF - CONFEDERAÇÃO BRASILEIRA DE FUTEBOL,0,32,24,31/08/2024,18:00,1080,18,Noite,Rei Pelé / Maceio,7,15,2,0
237,238 CBF - CONFEDERAÇÃO BRASILEIRA DE FUTEBOL,0,7,24,02/09/2024,21:30,1290,21,Noite,Germano Kruger / Ponta Grossa,14,12,7,0
238,239 CBF - CONFEDERAÇÃO BRASILEIRA DE FUTEBOL,0,30,24,01/09/2024,16:00,960,16,Tarde,Arena da Amazônia / Manaus,16,18,6,1
239,240 CBF - CONFEDERAÇÃO BRASILEIRA DE FUTEBOL,0,37,24,02/09/2024,19:30,1170,19,Noite,Arena Pernambuco Governador Carlos Wilson Campos / São Lourenço da Mata,17,11,9,0
240,241 CBF - CONFEDERAÇÃO BRASILEIRA DE FUTEBOL,0,4,25,04/09/2024,20:00,1200,20,Noite,Onésio Brasileiro Alvarenga / Goiania,0,7,9,0
241,242 CBF - CONFEDERAÇÃO BRASILEIRA DE FUTEBOL,0,31,25,09/09/2024,21:30,1290,21,Noite,Moisés Lucarelli / Campinas,2,10,5,1
242,243 CBF - CONFEDERAÇÃO BRASILEIRA DE FUTEBOL,0,5,25,09/09/2024,20:00,1200,20,Noite,Santa Cruz / Ribeirao Preto,4,19,5,0
243,244 CBF - CONFEDERAÇÃO BRASILEIRA DE FUTEBOL,0,1,25,07/09/2024,16:00,960,16,Tarde,Novelli Junior / Itu,11,13,8,0
244,245 CBF - CONFEDERAÇÃO BRASILEIRA DE FUTEBOL,0,25,25,08/09/2024,18:30,1110,18,Noite,Raimundo Sampaio / Belo Horizonte,5,1,3,0
245,246 CBF - CONFEDERAÇÃO BRASILEIRA DE FUTEBOL,0,7,25,07/09/2024,19:00,1140,19,Noite,Aderbal Ramos da Silva / Florianopolis,15,17,7,0
246,247 CBF - CONFEDERAÇÃO BRASILEIRA DE FUTEBOL,0,53,25,07/09/2024,16:00,960,16,Tarde,Arena Joinville / Joinville,12,8,4,0
247,248 CBF - CONFEDERAÇÃO BRASILEIRA DE FUTEBOL,0,29,25,08/09/2024,18:30,1110,18,Noite,Major Antônio Couto Pereira / Curitiba,3,6,7,0
248,249 CBF - CONFEDERAÇÃO BRASILEIRA DE FUTEBOL,0,45,25,05/09/2024,21:30,1290,21,Noite,Leônidas Sobré de Castro / Belem,9,16,10,0
249,250 CBF - CONFEDERAÇÃO BRASILEIRA DE FUTEBOL,0,40,25,08/09/2024,16:00,960,16,Tarde,Governador Plácido Aderaldo Castelo / Fortaleza,18,14,11,1
250,251 CBF - CONFEDERAÇÃO BRASILEIRA DE FUTEBOL,0,30,26,13/09/2024,21:30,1290,21,Noite,Hailé Pinheiro / Goiania,19,15,7,0
251,252 CBF - CONFEDERAÇÃO BRASILEIRA DE FUTEBOL,0,32,26,13/09/2024,21:30,1290,21,Noite,Moisés Lucarelli / Campinas,2,11,1,0
252,253 CBF - CONFEDERAÇÃO BRASILEIRA DE FUTEBOL,0,35,26,14/09/2024,18:00,1080,18,Noite,José Maria de Campos Maia / Mirassol,13,16,4,0
253,254 CBF - CONFEDERAÇÃO BRASILEIRA DE FUTEBOL,0,9,26,13/09/2024,19:00,1140,19,Noite,Dr. Jorge Ismael de Biasi / Novo Horizonte,6,4,6,4
254,255 CBF - CONFEDERAÇÃO BRASILEIRA DE FUTEBOL,0,40,26,15/09/2024,16:00,960,16,Tarde,Urbano Caldeira / Santos,8,5,8,0
255,256 CBF - CONFEDERAÇÃO BRASILEIRA DE FUTEBOL,0,64,26,15/09/2024,18:30,1110,18,Noite,Índio Condá / Chapeco,10,18,8,0
256,257 CBF - CONFEDERAÇÃO BRASILEIRA DE FUTEBOL,0,8,26,14/09/2024,17:00,1020,17,Tarde,Hercílio Luz / Itajai,12,0,9,1
257,258 CBF - CONFEDERAÇÃO BRASILEIRA DE FUTEBOL,0,15,26,15/09/2024,16:00,960,16,Tarde,Germano Kruger / Ponta Grossa,14,3,6,2
258,259 CBF - CONFEDERAÇÃO BRASILEIRA DE FUTEBOL,0,52,26,14/09/2024,17:00,1020,17,Tarde,Leônidas Sobré de Castro / Belem,9,1,5,0
259,260 CBF - CONFEDERAÇÃO BRASILEIRA DE FUTEBOL,0,50,26,15/09/2024,18:30,1110,18,Noite,Arena Pernambuco Governador Carlos Wilson Campos / São Lourenço da Mata,17,7,5,0
260,261 CBF - CONFEDERAÇÃO BRASILEIRA DE FUTEBOL,0,7,27,18/09/2024,19:30,1170,19,Noite,Onésio Brasileiro Alvarenga / Goiania,0,10,9,0
261,262 CBF - CONFEDERAÇÃO BRASILEIRA DE FUTEBOL,0,44,27,17/09/2024,21:30,1290,21,Noite,Brinco de Ouro da Princesa / Campinas,1,13,7,0
262,263 CBF - CONFEDERAÇÃO BRASILEIRA DE FUTEBOL,0,39,27,19/09/2024,21:30,1290,21,Noite,Santa Cruz / Ribeirao Preto,4,8,6,0
263,264 CBF - CONFEDERAÇÃO BRASILEIRA DE FUTEBOL,0,48,27,17/09/2024,19:00,1140,19,Noite,Dr. Jorge Ismael de Biasi / Novo Horizonte,6,12,4,0
264,265 CBF - CONFEDERAÇÃO BRASILEIRA DE FUTEBOL,0,47,27,18/09/2024,21:30,1290,21,Noite,Raimundo Sampaio / Belo Horizonte,5,9,2,0
265,266 CBF - CONFEDERAÇÃO BRASILEIRA DE FUTEBOL,0,21,27,17/09/2024,21:30,1290,21,Noite,Aderbal Ramos da Silva / Florianopolis,15,11,3,0
266,267 CBF - CONFEDERAÇÃO BRASILEIRA DE FUTEBOL,0,23,27,19/09/2024,19:30,1170,19,Noite,Rei Pelé / Maceio,7,2,4,1
267,268 CBF - CONFEDERAÇÃO BRASILEIRA DE FUTEBOL,0,65,27,18/09/2024,21:30,1290,21,Noite,Major Antônio Couto Pereira / Curitiba,3,18,7,0
268,269 CBF - CONFEDERAÇÃO BRASILEIRA DE FUTEBOL,0,60,27,18/09/2024,21:00,1260,21,Noite,Arena da Amazônia / Manaus,16,14,3,1
269,270 CBF - CONFEDERAÇÃO BRASILEIRA DE FUTEBOL,0,53,27,18/09/2024,19:00,1140,19,Noite,Arena Pernambuco Governador Carlos Wilson Campos / São Lourenço da Mata,17,19,16,0
270,271 CBF - CONFEDERAÇÃO BRASILEIRA DE FUTEBOL,0,4,28,21/09/2024,17:00,1020,17,Tarde,Hailé Pinheiro / Goiania,19,13,5,0
271,272 CBF - CONFEDERAÇÃO BRASILEIRA DE FUTEBOL,0,38,28,24/09/2024,21:30,1290,21,Noite,Moisés Lucarelli / Campinas,2,5,4,1
272,273 CBF - CONFEDERAÇÃO BRASILEIRA DE FUTEBOL,0,8,28,24/09/2024,21:30,1290,21,Noite,Santa Cruz / Ribeirao Preto,4,7,10,0
273,274 CBF - CONFEDERAÇÃO BRASILEIRA DE FUTEBOL,0,30,28,21/09/2024,18:00,1080,18,Noite,Novelli Junior / Itu,11,3,5,0
274,275 CBF - CONFEDERAÇÃO BRASILEIRA DE FUTEBOL,0,25,28,23/09/2024,21:00,1260,21,Noite,Urbano Caldeira / Santos,8,6,3,0
275,276 CBF - CONFEDERAÇÃO BRASILEIRA DE FUTEBOL,0,44,28,22/09/2024,16:00,960,16,Tarde,Índio Condá / Chapeco,10,15,5,0
276,277 CBF - CONFEDERAÇÃO BRASILEIRA DE FUTEBOL,0,3,28,23/09/2024,21:30,1290,21,Noite,Hercílio Luz / Itajai,12,16,5,1
277,278 CBF - CONFEDERAÇÃO BRASILEIRA DE FUTEBOL,0,64,28,24/09/2024,19:00,1140,19,Noite,Germano Kruger / Ponta Grossa,14,1,8,1
278,279 CBF - CONFEDERAÇÃO BRASILEIRA DE FUTEBOL,0,37,28,23/09/2024,18:30,1110,18,Noite,Leônidas Sobré de Castro / Belem,9,17,10,0
279,280 CBF - CONFEDERAÇÃO BRASILEIRA DE FUTEBOL,0,36,28,22/09/2024,18:30,1110,18,Noite,Governador Plácido Aderaldo Castelo / Fortaleza,18,0,3,0
280,281 CBF - CONFEDERAÇÃO BRASILEIRA DE FUTEBOL,0,3,29,28/09/2024,17:00,1020,17,Tarde,Onésio Brasileiro Alvarenga / Goiania,0,4,10,0
281,282 CBF - CONFEDERAÇÃO BRASILEIRA DE FUTEBOL,0,36,29,30/09/2024,21:30,1290,21,Noite,Brinco de Ouro da Princesa / Campinas,1,15,8,0
282,283 CBF - CONFEDERAÇÃO BRASILEIRA DE FUTEBOL,0,45,29,29/09/2024,18:30,1110,18,Noite,José Maria de Campos Maia / Mirassol,13,17,3,0
283,284 CBF - CONFEDERAÇÃO BRASILEIRA DE FUTEBOL,0,33,29,30/09/2024,21:00,1260,21,Noite,Dr. Jorge Ismael de Biasi / Novo Horizonte,6,2,6,0
284,285 CBF - CONFEDERAÇÃO BRASILEIRA DE FUTEBOL,0,38,29,28/09/2024,18:00,1080,18,Noite,Urbano Caldeira / Santos,8,14,1,0
285,286 CBF - CONFEDERAÇÃO BRASILEIRA DE FUTEBOL,0,23,29,26/09/2024,19:00,1140,19,Noite,Índio Condá / Chapeco,10,16,6,0
286,287 CBF - CONFEDERAÇÃO BRASILEIRA DE FUTEBOL,0,31,29,29/09/2024,16:00,960,16,Tarde,Rei Pelé / Maceio,7,5,6,0
287,288 CBF - CONFEDERAÇÃO BRASILEIRA DE FUTEBOL,0,1,29,27/09/2024,21:30,1290,21,Noite,Major Antônio Couto Pereira / Curitiba,3,19,9,0
288,289 CBF - CONFEDERAÇÃO BRASILEIRA DE FUTEBOL,0,15,29,27/09/2024,21:30,1290,21,Noite,Leônidas Sobré de Castro / Belem,9,11,9,1
289,290 CBF - CONFEDERAÇÃO BRASILEIRA DE FUTEBOL,0,4,29,27/09/2024,19:00,1140,19,Noite,Governador Plácido Aderaldo Castelo / Fortaleza,18,12,4,0
290,291 CBF - CONFEDERAÇÃO BRASILEIRA DE FUTEBOL,0,34,30,07/10/2024,21:00,1260,21,Noite,Hailé Pinheiro / Goiania,19,8,5,0
291,292 CBF - CONFEDERAÇÃO BRASILEIRA DE FUTEBOL,0,28,30,05/10/2024,17:00,1020,17,Tarde,Moisés Lucarelli / Campinas,2,4,10,1
292,293 CBF - CONFEDERAÇÃO BRASILEIRA DE FUTEBOL,0,38,30,05/10/2024,18:00,1080,18,Noite,José Maria de Campos Maia / Mirassol,13,0,8,2
293,294 CBF - CONFEDERAÇÃO BRASILEIRA DE FUTEBOL,0,9,30,05/10/2024,17:00,1020,17,Tarde,Novelli Junior / Itu,11,1,3,0
294,295 CBF - CONFEDERAÇÃO BRASILEIRA DE FUTEBOL,0,35,30,04/10/2024,19:00,1140,19,Noite,Raimundo Sampaio / Belo Horizonte,5,3,5,0
295,296 CBF - CONFEDERAÇÃO BRASILEIRA DE FUTEBOL,0,45,30,04/10/2024,21:30,1290,21,Noite,Aderbal Ramos da Silva / Florianopolis,15,12,3,0
296,297 CBF - CONFEDERAÇÃO BRASILEIRA DE FUTEBOL,0,6,30,04/10/2024,20:00,1200,20,Noite,Rei Pelé / Maceio,7,9,7,1
297,298 CBF - CONFEDERAÇÃO BRASILEIRA DE FUTEBOL,0,30,30,03/10/2024,21:30,1290,21,Noite,Germano Kruger / Ponta Grossa,14,10,5,1
298,299 CBF - CONFEDERAÇÃO BRASILEIRA DE FUTEBOL,0,7,30,04/10/2024,21:30,1290,21,Noite,Arena da Amazônia / Manaus,16,6,8,0
299,300 CBF - CONFEDERAÇÃO BRASILEIRA DE FUTEBOL,0,46,30,07/10/2024,21:00,1260,21,Noite,Adelmar da Costa Carvalho / Recife,17,18,13,1
300,301 CBF - CONFEDERAÇÃO BRASILEIRA DE FUTEBOL,0,47,31,13/10/2024,18:30,1110,18,Noite,Hailé Pinheiro / Goiania,19,0,7,0
301,302 CBF - CONFEDERAÇÃO BRASILEIRA DE FUTEBOL,0,8,31,14/10/2024,21:00,1260,21,Noite,Brinco de Ouro da Princesa / Campinas,1,7,3,0
302,303 CBF - CONFEDERAÇÃO BRASILEIRA DE FUTEBOL,0,48,31,12/10/2024,21:30,1290,21,Noite,Santa Cruz / Ribeirao Preto,4,14,5,0
303,304 CBF - CONFEDERAÇÃO BRASILEIRA DE FUTEBOL,0,65,31,11/10/2024,18:30,1110,18,Noite,Dr. Jorge Ismael de Biasi / Novo Horizonte,6,17,8,0
304,305 CBF - CONFEDERAÇÃO BRASILEIRA DE FUTEBOL,0,2,31,12/10/2024,18:30,1110,18,Noite,Urbano Caldeira / Santos,8,13,7,1
305,306 CBF - CONFEDERAÇÃO BRASILEIRA DE FUTEBOL,0,53,31,11/10/2024,21:00,1260,21,Noite,Aderbal Ramos da Silva / Florianopolis,15,5,1,0
306,307 CBF - CONFEDERAÇÃO BRASILEIRA DE FUTEBOL,0,15,31,14/10/2024,18:30,1110,18,Noite,Augusto Bauer / Brusque,12,11,4,0
307,308 CBF - CONFEDERAÇÃO BRASILEIRA DE FUTEBOL,0,34,31,13/10/2024,16:00,960,16,Tarde,Major Antônio Couto Pereira / Curitiba,3,16,3,0
308,309 CBF - CONFEDERAÇÃO BRASILEIRA DE FUTEBOL,0,8,31,09/10/2024,21:00,1260,21,Noite,Leônidas Sobré de Castro / Belem,9,10,10,1
309,310 CBF - CONFEDERAÇÃO BRASILEIRA DE FUTEBOL,0,50,31,12/10/2024,17:00,1020,17,Tarde,Governador Plácido Aderaldo Castelo / Fortaleza,18,2,6,0
310,311 CBF - CONFEDERAÇÃO BRASILEIRA DE FUTEBOL,0,50,32,19/10/2024,16:00,960,16,Tarde,Onésio Brasileiro Alvarenga / Goiania,0,3,4,1
311,312 CBF - CONFEDERAÇÃO BRASILEIRA DE FUTEBOL,0,46,32,20/10/2024,18:30,1110,18,Noite,Moisés Lucarelli / Campinas,2,1,4,0
312,313 CBF - CONFEDERAÇÃO BRASILEIRA DE FUTEBOL,0,8,32,19/10/2024,17:00,1020,17,Tarde,José Maria de Campos Maia / Mirassol,13,6,7,0
313,314 CBF - CONFEDERAÇÃO BRASILEIRA DE FUTEBOL,0,30,32,19/10/2024,17:00,1020,17,Tarde,Novelli Junior / Itu,11,18,5,0
314,315 CBF - CONFEDERAÇÃO BRASILEIRA DE FUTEBOL,0,31,32,17/10/2024,20:00,1200,20,Noite,Raimundo Sampaio / Belo Horizonte,5,19,6,0
315,316 CBF - CONFEDERAÇÃO BRASILEIRA DE FUTEBOL,0,45,32,16/10/2024,20:00,1200,20,Noite,Índio Condá / Chapeco,10,8,1,0
316,317 CBF - CONFEDERAÇÃO BRASILEIRA DE FUTEBOL,0,55,32,18/10/2024,19:00,1140,19,Noite,Augusto Bauer / Brusque,12,7,3,1
317,318 CBF - CONFEDERAÇÃO BRASILEIRA DE FUTEBOL,0,4,32,20/10/2024,11:00,660,11,Manha,Germano Kruger / Ponta Grossa,14,9,3,1
318,319 CBF - CONFEDERAÇÃO BRASILEIRA DE FUTEBOL,0,61,32,18/10/2024,21:30,1290,21,Noite,Arena da Amazônia / Manaus,16,15,4,0
319,320 CBF - CONFEDERAÇÃO BRASILEIRA DE FUTEBOL,0,1,32,20/10/2024,19:30,1170,19,Noite,Adelmar da Costa Carvalho / Recife,17,4,9,0
320,321 CBF - CONFEDERAÇÃO BRASILEIRA DE FUTEBOL,0,36,33,22/10/2024,21:30,1290,21,Noite,Onésio Brasileiro Alvarenga / Goiania,0,16,8,0
321,322 CBF - CONFEDERAÇÃO BRASILEIRA DE FUTEBOL,0,8,33,23/10/2024,19:00,1140,19,Noite,Moisés Lucarelli / Campinas,2,12,7,0
322,323 CBF - CONFEDERAÇÃO BRASILEIRA DE FUTEBOL,0,55,33,23/10/2024,20:00,1200,20,Noite,Santa Cruz / Ribeirao Preto,4,11,3,1
323,324 CBF - CONFEDERAÇÃO BRASILEIRA DE FUTEBOL,0,45,33,22/10/2024,21:30,1290,21,Noite,Dr. Jorge Ismael de Biasi / Novo Horizonte,6,15,4,0
324,325 CBF - CONFEDERAÇÃO BRASILEIRA DE FUTEBOL,0,53,33,22/10/2024,19:00,1140,19,Noite,Urbano Caldeira / Santos,8,18,3,0
325,326 CBF - CONFEDERAÇÃO BRASILEIRA DE FUTEBOL,0,64,33,21/10/2024,20:00,1200,20,Noite,Índio Condá / Chapeco,10,19,4,0
326,327 CBF - CONFEDERAÇÃO BRASILEIRA DE FUTEBOL,0,29,33,22/10/2024,19:00,1140,19,Noite,Rei Pelé / Maceio,7,13,2,0
327,328 CBF - CONFEDERAÇÃO BRASILEIRA DE FUTEBOL,0,35,33,23/10/2024,21:30,1290,21,Noite,Germano Kruger / Ponta Grossa,14,5,8,0
328,329 CBF - CONFEDERAÇÃO BRASILEIRA DE FUTEBOL,0,38,33,23/10/2024,19:30,1170,19,Noite,Leônidas Sobré de Castro / Belem,9,3,8,1
329,330 CBF - CONFEDERAÇÃO BRASILEIRA DE FUTEBOL,0,25,33,24/10/2024,21:30,1290,21,Noite,Adelmar da Costa Carvalho / Recife,17,1,2,0
330,331 CBF - CONFEDERAÇÃO BRASILEIRA DE FUTEBOL,0,25,34,29/10/2024,19:00,1140,19,Noite,Hailé Pinheiro / Goiania,19,14,2,0
331,332 CBF - CONFEDERAÇÃO BRASILEIRA DE FUTEBOL,0,47,34,29/10/2024,21:30,1290,21,Noite,Brinco de Ouro da Princesa / Campinas,1,6,8,0
332,333 CBF - CONFEDERAÇÃO BRASILEIRA DE FUTEBOL,0,39,34,26/10/2024,17:00,1020,17,Tarde,José Maria de Campos Maia / Mirassol,13,2,2,0
333,334 CBF - CONFEDERAÇÃO BRASILEIRA DE FUTEBOL,0,44,34,28/10/2024,19:00,1140,19,Noite,Novelli Junior / Itu,11,8,4,0
334,335 CBF - CONFEDERAÇÃO BRASILEIRA DE FUTEBOL,0,8,34,28/10/2024,21:00,1260,21,Noite,Raimundo Sampaio / Belo Horizonte,5,17,4,0
335,336 CBF - CONFEDERAÇÃO BRASILEIRA DE FUTEBOL,0,1,34,25/10/2024,21:30,1290,21,Noite,Aderbal Ramos da Silva / Florianopolis,15,0,5,0
336,337 CBF - CONFEDERAÇÃO BRASILEIRA DE FUTEBOL,0,52,34,29/10/2024,19:00,1140,19,Noite,Augusto Bauer / Brusque,12,10,8,0
337,338 CBF - CONFEDERAÇÃO BRASILEIRA DE FUTEBOL,0,30,34,28/10/2024,18:00,1080,18,Noite,Major Antônio Couto Pereira / Curitiba,3,7,1,0
338,339 CBF - CONFEDERAÇÃO BRASILEIRA DE FUTEBOL,0,53,34,29/10/2024,21:30,1290,21,Noite,Arena da Amazônia / Manaus,16,4,9,1
339,340 CBF - CONFEDERAÇÃO BRASILEIRA DE FUTEBOL,0,45,34,26/10/2024,17:00,1020,17,Tarde,Governador Plácido Aderaldo Castelo / Fortaleza,18,9,3,0
340,341 CBF - CONFEDERAÇÃO BRASILEIRA DE FUTEBOL,0,3,35,02/11/2024,17:00,1020,17,Tarde,Hailé Pinheiro / Goiania,19,1,7,0
341,342 CBF - CONFEDERAÇÃO BRASILEIRA DE FUTEBOL,0,52,35,04/11/2024,21:00,1260,21,Noite,Moisés Lucarelli / Campinas,2,9,2,1
342,343 CBF - CONFEDERAÇÃO BRASILEIRA DE FUTEBOL,0,35,35,05/11/2024,21:30,1290,21,Noite,José Maria de Campos Maia / Mirassol,13,3,1,1
343,344 CBF - CONFEDERAÇÃO BRASILEIRA DE FUTEBOL,0,15,35,04/11/2024,21:15,1275,21,Noite,Novelli Junior / Itu,11,7,11,1
344,345 CBF - CONFEDERAÇÃO BRASILEIRA DE FUTEBOL,0,36,35,02/11/2024,16:30,990,16,Tarde,Urbano Caldeira / Santos,8,0,8,0
345,346 CBF - CONFEDERAÇÃO BRASILEIRA DE FUTEBOL,0,45,35,02/11/2024,17:00,1020,17,Tarde,Índio Condá / Chapeco,10,6,2,0
346,347 CBF - CONFEDERAÇÃO BRASILEIRA DE FUTEBOL,0,8,35,05/11/2024,21:00,1260,21,Noite,Augusto Bauer / Brusque,12,4,5,0
347,348 CBF - CONFEDERAÇÃO BRASILEIRA DE FUTEBOL,0,1,35,04/11/2024,19:00,1140,19,Noite,Germano Kruger / Ponta Grossa,14,17,7,1
348,349 CBF - CONFEDERAÇÃO BRASILEIRA DE FUTEBOL,0,29,35,05/11/2024,19:00,1140,19,Noite,Arena da Amazônia / Manaus,16,5,5,0
349,350 CBF - CONFEDERAÇÃO BRASILEIRA DE FUTEBOL,0,47,35,03/11/2024,18:30,1110,18,Noite,Governador Plácido Aderaldo Castelo / Fortaleza,18,15,5,0
350,351 CBF - CONFEDERAÇÃO BRASILEIRA DE FUTEBOL,0,1,36,11/11/2024,18:30,1110,18,Noite,Onésio Brasileiro Alvarenga / Goiania,0,2,7,2
351,352 CBF - CONFEDERAÇÃO BRASILEIRA DE FUTEBOL,0,37,36,12/11/2024,21:00,1260,21,Noite,Brinco de Ouro da Princesa / Campinas,1,16,9,0
352,353 CBF - CONFEDERAÇÃO BRASILEIRA DE FUTEBOL,0,65,36,12/11/2024,21:30,1290,21,Noite,Santa Cruz / Ribeirao Preto,4,18,2,0
353,354 CBF - CONFEDERAÇÃO BRASILEIRA DE FUTEBOL,0,35,36,09/11/2024,17:00,1020,17,Tarde,Dr. Jorge Ismael de Biasi / Novo Horizonte,6,14,3,0
354,355 CBF - CONFEDERAÇÃO BRASILEIRA DE FUTEBOL,0,38,36,12/11/2024,19:00,1140,19,Noite,Raimundo Sampaio / Belo Horizonte,5,11,5,0
355,356 CBF - CONFEDERAÇÃO BRASILEIRA DE FUTEBOL,0,3,36,10/11/2024,19:00,1140,19,Noite,Aderbal Ramos da Silva / Florianopolis,15,13,2,0
356,357 CBF - CONFEDERAÇÃO BRASILEIRA DE FUTEBOL,0,36,36,09/11/2024,17:00,1020,17,Tarde,Rei Pelé / Maceio,7,19,6,0
357,358 CBF - CONFEDERAÇÃO BRASILEIRA DE FUTEBOL,0,2,36,11/11/2024,21:00,1260,21,Noite,Major Antônio Couto Pereira / Curitiba,3,8,5,0
358,359 CBF - CONFEDERAÇÃO BRASILEIRA DE FUTEBOL,0,33,36,11/11/2024,21:00,1260,21,Noite,Leônidas Sobré de Castro / Belem,9,12,3,0
359,360 CBF - CONFEDERAÇÃO BRASILEIRA DE FUTEBOL,0,25,36,10/11/2024,18:30,1110,18,Noite,Adelmar da Costa Carvalho / Recife,17,10,2,0
360,361 CBF - CONFEDERAÇÃO BRASILEIRA DE FUTEBOL,0,8,37,16/11/2024,21:00,1260,21,Noite,Onésio Brasileiro Alvarenga / Goiania,0,11,14,0
361,362 CBF - CONFEDERAÇÃO BRASILEIRA DE FUTEBOL,0,53,37,16/11/2024,21:30,1290,21,Noite,Moisés Lucarelli / Campinas,2,17,2,1
362,363 CBF - CONFEDERAÇÃO BRASILEIRA DE FUTEBOL,0,55,37,18/11/2024,21:00,1260,21,Noite,Santa Cruz / Ribeirao Preto,4,15,2,0
363,364 CBF - CONFEDERAÇÃO BRASILEIRA DE FUTEBOL,0,15,37,16/11/2024,17:00,1020,17,Tarde,Dr. Jorge Ismael de Biasi / Novo Horizonte,6,9,7,1
364,365 CBF - CONFEDERAÇÃO BRASILEIRA DE FUTEBOL,0,66,37,17/11/2024,16:00,960,16,Tarde,Urbano Caldeira / Santos,8,7,3,0
365,366 CBF - CONFEDERAÇÃO BRASILEIRA DE FUTEBOL,0,29,37,17/11/2024,16:00,960,16,Tarde,Índio Condá / Chapeco,10,3,6,0
366,367 CBF - CONFEDERAÇÃO BRASILEIRA DE FUTEBOL,0,58,37,17/11/2024,11:00,660,11,Manha,Augusto Bauer / Brusque,12,1,4,0
367,368 CBF - CONFEDERAÇÃO BRASILEIRA DE FUTEBOL,0,45,37,15/11/2024,16:00,960,16,Tarde,Germano Kruger / Ponta Grossa,14,13,4,0
368,369 CBF - CONFEDERAÇÃO BRASILEIRA DE FUTEBOL,0,2,37,16/11/2024,19:00,1140,19,Noite,Carlos Zamith / Manaus,16,19,2,0
369,370 CBF - CONFEDERAÇÃO BRASILEIRA DE FUTEBOL,0,47,37,18/11/2024,21:45,1305,21,Noite,Governador Plácido Aderaldo Castelo / Fortaleza,18,5,3,0
370,371 CBF - CONFEDERAÇÃO BRASILEIRA DE FUTEBOL,0,54,38,24/11/2024,18:30,1110,18,Noite,Hailé Pinheiro / Goiania,19,6,6,0
371,372 CBF - CONFEDERAÇÃO BRASILEIRA DE FUTEBOL,0,55,38,24/11/2024,18:30,1110,18,Noite,Brinco de Ouro da Princesa / Campinas,1,18,4,0
372,373 CBF - CONFEDERAÇÃO BRASILEIRA DE FUTEBOL,0,8,38,24/11/2024,18:30,1110,18,Noite,José Maria de Campos Maia / Mirassol,13,10,6,0
373,374 CBF - CONFEDERAÇÃO BRASILEIRA DE FUTEBOL,0,67,38,22/11/2024,21:30,1290,21,Noite,Novelli Junior / Itu,11,16,3,1
374,375 CBF - CONFEDERAÇÃO BRASILEIRA DE FUTEBOL,0,68,38,24/11/2024,18:30,1110,18,Noite,Raimundo Sampaio / Belo Horizonte,5,12,1,0
375,376 CBF - CONFEDERAÇÃO BRASILEIRA DE FUTEBOL,0,69,38,22/11/2024,20:00,1200,20,Noite,Aderbal Ramos da Silva / Florianopolis,15,2,7,0
376,377 CBF - CONFEDERAÇÃO BRASILEIRA DE FUTEBOL,0,70,38,24/11/2024,16:00,960,16,Tarde,Rei Pelé / Maceio,7,14,4,0
377,378 CBF - CONFEDERAÇÃO BRASILEIRA DE FUTEBOL,0,71,38,22/11/2024,19:00,1140,19,Noite,Major Antônio Couto Pereira / Curitiba,3,4,4,0
378,379 CBF - CONFEDERAÇÃO BRASILEIRA DE FUTEBOL,0,57,38,24/11/2024,16:00,960,16,Tarde,Olímpico do Pará / Belem,9,0,5,0
379,380 CBF - CONFEDERAÇÃO BRASILEIRA DE FUTEBOL,0,65,38,24/11/2024,18:30,1110,18,Noite,Adelmar da Costa Carvalho / Recife,17,20,9,0
